patient_id,readmitted_30d
TE02169,0.13586670908899823
TE01588,0.05882624789129158
TE02330,0.07753946716004206
TE00468,0.05907557228664641
TE01146,0.13883265476152096
TE01516,0.2120660759937754
TE00739,0.22280217672315575
TE00816,0.04820947731424351
TE01607,0.09748446193735803
TE01748,0.101324877842396
TE00517,0.11310935948756236
TE01597,0.10356899604146143
TE02323,0.2912658678777746
TE01592,0.06910789220243535
TE00715,0.20852319261010563
TE00079,0.14348210085313326
TE00158,0.11640546472244002
TE02726,0.11020615001316947
TE01865,0.07371641116006207
TE02856,0.1599203512317906
TE00154,0.07149910764601768
TE00431,0.06517761978850814
TE01761,0.08892784389928954
TE00352,0.11701940010228501
TE00427,0.08963111762281682
TE00938,0.5401176728093603
TE02391,0.06516851112053923
TE00553,0.04233168149896008
TE01093,0.063987169020679
TE00453,0.034715101083159276
TE00138,0.0558244405551202
TE00599,0.19395445968662206
TE01964,0.05388900039475278
TE02288,0.04464680030444116
TE01491,0.058831406050264615
TE02765,0.11235957472484162
TE01476,0.08793159409563767
TE02120,0.16876802112144415
TE00939,0.03525435252548371
TE02285,0.11265594151660045
TE00565,0.09441655704931104
TE01608,0.20669805157157678
TE01404,0.06619693269924896
TE00479,0.15822284463165287
TE02874,0.07049631940374301
TE00897,0.08725567029987255
TE00789,0.11933473101284967
TE02911,0.06803838893879932
TE01606,0.048314363382900655
TE02344,0.1617903138005921
TE02637,0.28861680530226314
TE02908,0.48518278762159056
TE01505,0.1348423913062574
TE02389,0.12572027607823277
TE02218,0.3657629154934169
TE02639,0.14125375469094026
TE00807,0.10841334939400964
TE00798,0.05310507302333238
TE02360,0.16978902945703647
TE02969,0.07388929819266225
TE02028,0.24994019905527465
TE01162,0.08412837168975383
TE02393,0.05167785926159855
TE02079,0.15190119786457268
TE00566,0.21656222545942205
TE02380,0.4991149825581197
TE01252,0.11399111233095366
TE01009,0.18013528888589012
TE01992,0.383831089301553
TE00120,0.12981003258817678
TE02736,0.1078089962735484
TE01217,0.09806932705695875
TE00735,0.09175850798157406
TE00853,0.15928840002134348
TE00507,0.2942421923550336
TE00324,0.10595608666203499
TE00982,0.09593331814296671
TE00570,0.0524932524762039
TE00922,0.09893639667486892
TE01283,0.0747192122097904
TE00528,0.324786479211041
TE01147,0.06079633432170266
TE02632,0.24050650779181165
TE01463,0.033919755949889545
TE02904,0.3174748801121301
TE01370,0.06709322365270468
TE02387,0.11002983846538553
TE00979,0.039660071338208994
TE01408,0.19955708071700023
TE02575,0.1832901511024975
TE00438,0.11360918171059321
TE01957,0.07780874040847935
TE00056,0.19053646870701205
TE00560,0.1462604393585089
TE00756,0.06481570370194682
TE01209,0.10396149893940734
TE02597,0.11991835048997089
TE01054,0.18111835042526506
TE02845,0.15207800570317928
TE01853,0.12446685199286887
TE00880,0.08261913491785998
TE02857,0.1416053685391227
TE02548,0.3561248254804621
TE01561,0.10630918913412249
TE01123,0.22951562962075708
TE00187,0.030146712479058677
TE00206,0.12923030339323283
TE02624,0.13682102982861666
TE01932,0.47083800975440515
TE01623,0.42264841089582306
TE02572,0.1467899018035173
TE02384,0.11064777757704222
TE00089,0.2905882231661144
TE00024,0.08216923619587836
TE00843,0.10569309680939369
TE02494,0.2717405496552833
TE02267,0.06144275082727874
TE02650,0.10894653304766883
TE01839,0.10173122526867559
TE02063,0.1009983953726157
TE02685,0.5097555399470435
TE01544,0.09103520881810533
TE00288,0.16600600329941226
TE02185,0.11231926628530595
TE02669,0.09224660501896315
TE01781,0.08501928869417644
TE00608,0.5107487129942937
TE02042,0.06052608945546652
TE00870,0.12921382499369066
TE00122,0.11126844584564285
TE02474,0.08623034569521389
TE01875,0.08586272277364584
TE00129,0.10680809802966765
TE01490,0.4092042829961646
TE02465,0.0718562813585235
TE02705,0.05309886990837175
TE02147,0.052053523108266386
TE00420,0.14703566628106512
TE00728,0.08216263519205713
TE02680,0.053235705326930505
TE00174,0.17018882313133243
TE00841,0.10006706635424972
TE01415,0.09899602554434023
TE00910,0.08330186131526973
TE00258,0.17687761734793045
TE00974,0.06390540663094602
TE01792,0.11767576170068884
TE02396,0.07104089674696802
TE00619,0.061549678320348855
TE00929,0.3957576941674468
TE02451,0.23598271202006962
TE02630,0.07577683343198154
TE00126,0.04392104798427091
TE00639,0.08884984581585717
TE00161,0.06006262796288553
TE02469,0.06285161516419703
TE01472,0.038704181558006596
TE00242,0.07565234114302394
TE02365,0.1156701384150994
TE01495,0.12387920708289571
TE02884,0.18214785995210303
TE00572,0.13285797505143138
TE02128,0.11677292606686573
TE00099,0.07550836840441265
TE00959,0.2512328562043751
TE00997,0.12133328120890777
TE00665,0.10291692327399671
TE00281,0.11909538860711201
TE01483,0.14252359947724286
TE02203,0.06168340685423065
TE02769,0.14680377372296646
TE00913,0.06631117184699145
TE01293,0.084367964830934
TE01275,0.3990193684267387
TE02037,0.1405484324994294
TE00234,0.10583850946856616
TE01206,0.5079581912773479
TE02105,0.10575398461772506
TE02221,0.08454728377272239
TE01372,0.039569047940521726
TE01068,0.09494195170662784
TE00066,0.09255302104564371
TE01051,0.15648310453962472
TE01789,0.103376332273415
TE00076,0.14545410479567883
TE02109,0.029778704175656
TE02178,0.11777567992869918
TE01977,0.1359618631645098
TE02734,0.0843989173338501
TE02072,0.09638890653290037
TE02591,0.1931774358893759
TE02318,0.2135890105006812
TE00900,0.10496226317563291
TE00804,0.13395100929439324
TE01079,0.10201784983437492
TE02782,0.09004601942460314
TE00631,0.14395869041624937
TE00041,0.09177959516255396
TE02959,0.10422863937983985
TE01526,0.12382351687105522
TE01382,0.06792589275742822
TE01842,0.18548135182431327
TE01954,0.24648840468336033
TE01709,0.04978156488696648
TE00626,0.0843890948932016
TE00719,0.17713603212124246
TE02725,0.1621632456566827
TE01603,0.30874132679780314
TE02608,0.11951173635356774
TE02030,0.08660150825959773
TE01877,0.08056372582297022
TE02182,0.1125694099037732
TE01589,0.0835287136807713
TE01330,0.08163437029473428
TE02755,0.10373076744484741
TE00366,0.15047052438605918
TE02434,0.052746568074555036
TE00302,0.11233764283332266
TE01326,0.06957911187391987
TE01022,0.049974885287564164
TE02315,0.06597149011656135
TE02604,0.08746977737117459
TE02777,0.0442478970440722
TE02771,0.05352947332435215
TE02913,0.12521084328723908
TE01109,0.13998818076526914
TE01289,0.18164470173744654
TE02464,0.07993771576170858
TE02967,0.07054912531618424
TE00613,0.21664030349103364
TE02282,0.19346459404985344
TE02818,0.10978540828534689
TE01695,0.05711380537255388
TE02750,0.2911408647955706
TE02419,0.09540347395052373
TE01263,0.0980587363372254
TE00510,0.1907279153071826
TE02341,0.29052879562389783
TE00320,0.12888416409420309
TE00180,0.09595616415503119
TE01207,0.09742037050749307
TE02602,0.1798582155475675
TE00488,0.0668684281876756
TE02544,0.1445412374024379
TE02791,0.09020048365136507
TE01931,0.056592215369231744
TE01807,0.13360854419476212
TE00785,0.09054345282189426
TE01195,0.10097445360463525
TE02945,0.09578678228292575
TE00727,0.11175846607468508
TE01900,0.2506231887762473
TE01447,0.12208380181368272
TE00449,0.08828371117800662
TE01681,0.05973523373913257
TE01145,0.38127673161570375
TE00074,0.21856004807635648
TE00118,0.06640468679557351
TE01310,0.17076617064871782
TE02489,0.14267615071792458
TE01320,0.10593730091773348
TE00541,0.08803341683217086
TE01156,0.13100607027963737
TE01050,0.12361520568666157
TE02854,0.06770118473296907
TE00489,0.10473449320943357
TE02767,0.0967633840846712
TE02657,0.07279502828019199
TE00640,0.1260338102881745
TE00656,0.060127763501724954
TE02877,0.06312977562990929
TE01075,0.11022252455351111
TE01521,0.1452437854024584
TE01680,0.08721585718088615
TE01191,0.040342340727785
TE02951,0.08547106752478018
TE01155,0.13790554895495857
TE00680,0.06295512183271891
TE01414,0.08707094461267373
TE01934,0.11346577092193928
TE02653,0.08024438572817286
TE02556,0.19632373186660185
TE01663,0.09786493052914051
TE01180,0.05788670307683333
TE02848,0.10657438714208839
TE00617,0.11198320595103706
TE02003,0.10859749316213739
TE01255,0.06625915284877358
TE02579,0.11850160596002654
TE02236,0.24578241491784786
TE01572,0.08369886569852703
TE02998,0.053400287874300664
TE01962,0.2723507862236332
TE01201,0.27078064414884767
TE01728,0.27036054597744114
TE00050,0.17703880040481784
TE01793,0.20971676052584673
TE02595,0.0781510557076537
TE01978,0.06472301776720822
TE01427,0.12277905328910621
TE00227,0.17431577675079846
TE02053,0.06881661478064365
TE02557,0.187345715096208
TE02834,0.18120073755090932
TE02694,0.26971513569253763
TE01019,0.10730868565636005
TE00458,0.03959813690762032
TE02226,0.1460218180119029
TE01806,0.15394809021718897
TE02610,0.13630620645579888
TE01489,0.041260403769571734
TE01226,0.11331756919971325
TE01465,0.060237411217876645
TE01857,0.20165952069407986
TE01671,0.11975567690737018
TE00351,0.15351812751802246
TE02290,0.6247468659670483
TE01956,0.0671553742930979
TE00630,0.06830837147087745
TE00396,0.10019405830617827
TE02413,0.32513698008713066
TE01847,0.04093256777500144
TE02603,0.20340010405322706
TE00515,0.12981686674818793
TE02900,0.08104374114243493
TE00277,0.1384058599746771
TE01232,0.34146806177624855
TE01771,0.11718628633619527
TE00333,0.11343729293838087
TE01564,0.06291022046184036
TE00602,0.0817540187875837
TE01122,0.055755865750891406
TE00402,0.2526493687655772
TE02111,0.2507114320681875
TE01165,0.06714200463933113
TE02005,0.05930229608193373
TE02187,0.13525187289093235
TE02014,0.0863347357435499
TE01315,0.15236275949590788
TE02915,0.07862108085178862
TE02679,0.08996156346223552
TE01040,0.06946452868948239
TE00594,0.0626449884410513
TE00659,0.07790655880880118
TE01071,0.09729420030681611
TE00906,0.3052211002770278
TE01718,0.1287436560491161
TE01428,0.08927244885021317
TE00373,0.06746018454679623
TE02281,0.36735328663189193
TE02709,0.10478842705141797
TE00171,0.09453468699533359
TE01023,0.12595004120788306
TE02498,0.07458602197206796
TE00044,0.12740402741864218
TE01268,0.11461187934027345
TE02126,0.13930612294581274
TE02265,0.14254919190393284
TE00655,0.1099934116670886
TE02873,0.11417574180407739
TE00765,0.32629127652215817
TE00670,0.06651854544066955
TE02743,0.1265678572112374
TE00232,0.07302716898342919
TE01006,0.17546356040288733
TE00400,0.15619360546146166
TE02123,0.35952038359335303
TE00312,0.12937011841129925
TE01280,0.19388267108594148
TE02248,0.1617901509483639
TE02588,0.03705227763859567
TE02403,0.09926412040048503
TE02198,0.08033180893097469
TE01278,0.04935561585303794
TE01556,0.047423141287802464
TE01553,0.2466891274592009
TE00892,0.3633450590847516
TE01636,0.06310661599790218
TE01904,0.1459931991157005
TE02373,0.0912638409288596
TE00178,0.09815660660578959
TE00879,0.1250968970572458
TE00318,0.03072816602173712
TE02587,0.10387759977871405
TE02514,0.03818277035708069
TE00124,0.061781111804067285
TE02901,0.05820281369902881
TE01396,0.16309521098079
TE02134,0.1860408865586186
TE00780,0.10771306376140778
TE01520,0.29574662598559054
TE01780,0.09944718371118505
TE00052,0.06464650973303573
TE00098,0.09062218468197661
TE00337,0.11830114095897824
TE01863,0.08101499153327058
TE02920,0.03847174528529633
TE01757,0.10213652238478152
TE01967,0.040188845953397855
TE02763,0.06719712598103282
TE02196,0.2621462894633608
TE00133,0.04817387716262825
TE01639,0.10273938249183542
TE00751,0.14210414984060435
TE00466,0.09818555085547309
TE01322,0.2100972477229135
TE00519,0.16866859699700554
TE02939,0.12216854509908132
TE00456,0.07586057798864566
TE01880,0.3061036869192005
TE02069,0.16673903395912099
TE01702,0.1496900961726095
TE02487,0.13202340159203457
TE02065,0.05694186140814045
TE00062,0.05498829258682122
TE00162,0.14639427108085495
TE00797,0.08163768111474923
TE00105,0.08421354534908804
TE02878,0.2853529915444183
TE02828,0.08872792106709909
TE00092,0.15382680735258564
TE02916,0.21096404244670747
TE02840,0.26011757407077707
TE02418,0.2062475746216781
TE01399,0.14541545994714464
TE00658,0.056757792859665354
TE01627,0.12705151263494174
TE00737,0.24324983194863053
TE01487,0.12525872865327145
TE02372,0.23402632550461597
TE01547,0.23129217514346428
TE01888,0.10275977111740794
TE02825,0.2363971767403068
TE02831,0.22134874182516817
TE02334,0.09939714149173308
TE00323,0.06583201552169418
TE00165,0.1802118328163399
TE02457,0.06595991037626765
TE00963,0.1387191398412483
TE01405,0.035595693645983695
TE02795,0.09614992155365068
TE00442,0.13729058939247807
TE02855,0.08797685787203322
TE01091,0.12116714294626317
TE00136,0.1157812586748079
TE02129,0.5003604697033308
TE02849,0.20193562167319423
TE02619,0.1084873819237597
TE01020,0.11211306172055939
TE00668,0.08814281186236475
TE01945,0.13761880332262286
TE00208,0.26286740586167046
TE00610,0.2100672566496103
TE02863,0.14374203614755696
TE01658,0.09416530530009823
TE02879,0.21486850240021604
TE02829,0.06374561234167063
TE02868,0.061663929489603746
TE02364,0.09345932366410013
TE01641,0.07679858956785807
TE01794,0.4072767336727006
TE01795,0.08259660217628631
TE00516,0.07685884495173967
TE01237,0.07543057930117324
TE01432,0.11391256285934859
TE01287,0.09112651671342874
TE02199,0.042269263920989335
TE01747,0.05703784439898988
TE02468,0.05052159384761462
TE00755,0.15374686091093645
TE02385,0.038223619817482575
TE00960,0.12284730440120045
TE00472,0.02696199607059501
TE02570,0.49336341388333727
TE01652,0.07730569365942636
TE01769,0.06683407982166856
TE02455,0.05851216863533018
TE01234,0.2087815390569431
TE00936,0.07323448614331182
TE00412,0.25824920605282625
TE00823,0.08498799147062963
TE01707,0.12830996285591012
TE01659,0.11320407182551133
TE00576,0.0755776216396083
TE02219,0.33832964352594164
TE01270,0.06662483928340217
TE00139,0.08964954302913805
TE02826,0.1357336636696766
TE01171,0.13987204129710284
TE00992,0.28401154522992805
TE02454,0.16512124096189826
TE02681,0.24437300332970213
TE00866,0.22892790546800051
TE01538,0.15448304513357888
TE02082,0.09962466764722341
TE01390,0.1795266553911332
TE02720,0.30708902505094365
TE02002,0.062327158415727696
TE02326,0.09124866035506846
TE02410,0.13481744558761455
TE00856,0.08234576950801703
TE00294,0.09595779288624459
TE01400,0.6487229890781308
TE02950,0.09107042782076588
TE01070,0.27018875994850167
TE01102,0.04488954374481259
TE00809,0.107505442484493
TE01749,0.09654233070187532
TE01057,0.1261691870189945
TE00869,0.31115222612709864
TE00712,0.09759050189302396
TE01635,0.13579305798912758
TE01470,0.09290108351754178
TE02508,0.06132297153770713
TE01374,0.09319977758339032
TE00011,0.057412055318105476
TE02441,0.10214973821478657
TE01731,0.12696062573126987
TE02088,0.18369330320718
TE01397,0.15300461506736235
TE02428,0.1729116736999774
TE02484,0.0903390758685009
TE02971,0.10627904107316169
TE00349,0.14073991023916965
TE02525,0.07318465590946793
TE02194,0.24283280388293438
TE01225,0.05322044723754981
TE02532,0.061376020008714706
TE01894,0.2510638903509333
TE00198,0.07894132895380326
TE02085,0.11728965259271779
TE01878,0.10458974333105331
TE02019,0.08120897212468696
TE02559,0.08925016573536114
TE01634,0.16651870427541968
TE00156,0.08160131377226648
TE00898,0.250394371821221
TE02757,0.3207396768319771
TE01822,0.12616650836763488
TE01144,0.11672414605071711
TE01197,0.15685400161013371
TE01126,0.08213822895150766
TE02274,0.06004331393791708
TE01803,0.11087419563782915
TE01762,0.20881170133587412
TE02817,0.13468110752531512
TE00966,0.14382517050322874
TE01366,0.12896267481467624
TE00353,0.20359128375414698
TE01035,0.13694038549665427
TE01149,0.1112960940391032
TE01456,0.1199826551567203
TE02335,0.041501376211210604
TE02093,0.06153922705643457
TE00893,0.08045034787580674
TE02059,0.42853082613646787
TE01519,0.2144231214577616
TE00175,0.20832588735097407
TE00113,0.029938451422215774
TE01113,0.1312444313711177
TE01446,0.17275777453227525
TE02032,0.17386841541814183
TE02133,0.07458728001751033
TE02897,0.20230540664131802
TE00439,0.09480161568049772
TE01084,0.11939528993655008
TE02686,0.34021066006809353
TE00652,0.06601063952151127
TE01061,0.2075866567854739
TE00972,0.039505771910022296
TE01637,0.24555484744308315
TE01908,0.11172455550683455
TE00192,0.05569700937870321
TE02217,0.051647759567620424
TE00538,0.4073440586544182
TE00536,0.13566970104437115
TE02270,0.3479671479838033
TE00247,0.1597303920936114
TE02308,0.19861439438963638
TE01248,0.3182340800788785
TE00540,0.05724428694733815
TE02981,0.07804003767276643
TE01551,0.12351040665228492
TE01257,0.07094350179516999
TE02545,0.1386337881748526
TE00745,0.08417536391200797
TE01723,0.20572278609382194
TE01198,0.057775377592316955
TE00265,0.10872407606396735
TE00674,0.0798353833325156
TE02805,0.06972605531864227
TE00030,0.16308950336371794
TE01393,0.042088344633114186
TE02421,0.08413106086405267
TE01014,0.07094714891492328
TE00993,0.1200553929502019
TE02783,0.3867251631890898
TE00628,0.07729362076629812
TE00065,0.09706325007766589
TE00230,0.32169991242062607
TE02519,0.16250900940830593
TE01121,0.08953819751095318
TE01939,0.08235448156935457
TE00606,0.060683235063828916
TE00148,0.4750921653102599
TE02515,0.1078887117761127
TE02301,0.05254982327849558
TE01413,0.07355785593474565
TE02677,0.1830617095273812
TE00857,0.39928601231993416
TE02423,0.1440846228125378
TE00524,0.1957223028539805
TE01183,0.07034718342680106
TE00319,0.3439216072209193
TE00521,0.06707123478360259
TE01661,0.24947499281492483
TE02273,0.11201187030675486
TE00078,0.11448440789073307
TE01028,0.09145027097269758
TE00401,0.11144393200042657
TE00689,0.09911324860638018
TE01765,0.433205297136639
TE02552,0.2281022781280702
TE00625,0.098322341280735
TE01291,0.20899654313450905
TE01502,0.048824067315462925
TE01736,0.09665447973418825
TE02370,0.21766272485221014
TE00591,0.07544263925350854
TE00648,0.11097156320777649
TE00802,0.2533399135887726
TE00774,0.0679953516333951
TE00003,0.03734328624678758
TE01717,0.07775442649596823
TE02284,0.1073191449020833
TE00410,0.1323796170883944
TE02704,0.04581772087942838
TE00564,0.07499128111244441
TE01622,0.03377127948964914
TE02870,0.2060772309763098
TE02205,0.05303065129941104
TE02688,0.19142838962055214
TE00305,0.24632039278765877
TE00532,0.1268115334966391
TE00902,0.045702268852813636
TE01115,0.07098729199918496
TE00753,0.06842038192965569
TE00397,0.05172651154980417
TE01727,0.09057051485785383
TE02224,0.2590949941735988
TE00661,0.2545523053198424
TE01883,0.05307667652654769
TE02291,0.05853069439736998
TE00355,0.20857730641008493
TE00398,0.07362806373055446
TE02995,0.12339846303621842
TE01453,0.061378273749359835
TE02439,0.22603515883302167
TE00344,0.113107939530107
TE00846,0.07841199048479856
TE01953,0.4092555340459555
TE02015,0.06866885700939197
TE00103,0.08502274284240943
TE00040,0.14298994520709596
TE00271,0.07241484644151452
TE01015,0.07417680006981917
TE00706,0.07930574367959664
TE02599,0.10110523291393703
TE01923,0.1753405018424724
TE00951,0.05572705334455111
TE02814,0.16665826129514952
TE00885,0.11674323087733482
TE00784,0.15856456003835867
TE02261,0.03723181840558903
TE00525,0.11096301760699613
TE00708,0.07430004110513817
TE01985,0.07096954412637826
TE01387,0.07357219211229385
TE01318,0.05870470939291543
TE00840,0.0670119617007138
TE01963,0.10814829703621161
TE02438,0.07343262364401541
TE02369,0.1274315817985773
TE00696,0.05659046735387058
TE02692,0.114996436290842
TE02493,0.024289147326788416
TE02761,0.051515014539062154
TE02071,0.2807042276817675
TE02429,0.07943643160558825
TE01722,0.21359825691686035
TE00131,0.2161384892114339
TE00385,0.19789536117086043
TE02350,0.3671278911578853
TE01598,0.5685443233643123
TE00189,0.047295780909412465
TE00167,0.05412537799570551
TE01434,0.10934264552232364
TE02965,0.337775420540502
TE00261,0.06174473447459973
TE01067,0.06943817783984918
TE01986,0.24712834731628766
TE00707,0.11092801160375587
TE00336,0.2571189021106385
TE02510,0.056795055119410395
TE00248,0.09039874109320442
TE01445,0.12178770137711785
TE00612,0.09754466658848163
TE02822,0.12209812802641035
TE01706,0.11364201997333252
TE02672,0.05620100677497482
TE01928,0.06341292855086528
TE02564,0.1236585484704325
TE01033,0.47568348549199063
TE02609,0.07477395736867679
TE00838,0.34721712143014116
TE01394,0.14180261859454918
TE01000,0.05224339362949936
TE01898,0.1517324283182308
TE01342,0.23076416502748887
TE00725,0.09187827245955782
TE00106,0.3010329285372513
TE01213,0.0987682717693425
TE02089,0.09261385367726378
TE00874,0.27310268446932595
TE00578,0.0708215519314384
TE00971,0.06741878343239144
TE00636,0.056626969587512455
TE00359,0.037898292016219
TE01981,0.06701786318462638
TE00096,0.12124214902737462
TE01906,0.08825661688676924
TE01269,0.19152836756387662
TE00321,0.03699522998673387
TE00764,0.3202015474950122
TE01611,0.3451338604987673
TE02746,0.1091241111860985
TE01581,0.08244577200086582
TE00581,0.02982775139243502
TE02124,0.1471318350557873
TE01830,0.04472284509583603
TE02461,0.2365786583190864
TE00415,0.08002950802358598
TE01575,0.06779884124163525
TE00705,0.06849375722652405
TE00406,0.12650621549040675
TE01086,0.11978547994293481
TE01335,0.07050117244746466
TE00014,0.07222564861199685
TE01846,0.08259647931918995
TE01814,0.09109633806417784
TE00911,0.06433427388335647
TE01284,0.06922405693146644
TE01324,0.18090583281532863
TE01744,0.05529473264640051
TE01297,0.13440038620555478
TE02867,0.08266072759131263
TE01218,0.10163106746510231
TE01543,0.08601094638293191
TE01072,0.09852133072984298
TE01417,0.14168211953548815
TE02127,0.07805312504287834
TE01312,0.06961159254473012
TE00173,0.17378486814775285
TE02022,0.10543778366235364
TE02358,0.07494959324096898
TE02517,0.08691822050422265
TE01855,0.14288118715740375
TE01828,0.1474486911191172
TE00286,0.054375938683519746
TE01775,0.23811198154790997
TE02703,0.034074814323505426
TE00731,0.15482492544719417
TE00801,0.3016888937271847
TE01303,0.04164463990880928
TE02536,0.10332104933715355
TE01077,0.07508379997630912
TE01872,0.31366967104909893
TE00810,0.07027051426357694
TE01449,0.052737627352855934
TE00152,0.08534904325700114
TE01501,0.0897635026474494
TE01929,0.07400018646642775
TE01554,0.1886532210189878
TE02718,0.09065581998893643
TE00284,0.2500117414050947
TE01357,0.08897582445192777
TE00088,0.07823448351173093
TE02583,0.1648045991781601
TE00700,0.16368715020944843
TE00931,0.16483890573739127
TE00512,0.18992940656147284
TE00967,0.11507489656927113
TE02600,0.05263914250440002
TE00259,0.09362885251971141
TE02149,0.1037817297925434
TE00806,0.127262410545105
TE00766,0.03678784573340039
TE02775,0.10637758580637378
TE02398,0.15783777870177781
TE01876,0.23212493780639382
TE01849,0.4493416645042837
TE02861,0.08893141099321145
TE00201,0.10254240654748875
TE02172,0.20020130258217142
TE02184,0.24587307639284106
TE01164,0.09308586963370309
TE02312,0.18372930287249234
TE00160,0.06070532177767521
TE00761,0.058574300076184235
TE00523,0.06847228769374643
TE00256,0.05348769497120892
TE00317,0.07416417953963589
TE02593,0.17229832701504286
TE01662,0.064314806039928
TE02278,0.4543815067758512
TE02747,0.09085824844408244
TE01801,0.10149289679619632
TE01308,0.09898349433910866
TE02080,0.043493955667855425
TE00597,0.035829513105270785
TE01660,0.13062921216871842
TE02496,0.132431592138802
TE02573,0.10984934001363686
TE00622,0.05861899654136783
TE00151,0.1237512849428145
TE00392,0.07728423312831209
TE02220,0.19981500520618606
TE02507,0.09307706514736934
TE02164,0.18347570159545612
TE02673,0.10025321128009171
TE01856,0.10263517756512507
TE00811,0.13578445496583316
TE01087,0.05687950673176051
TE02166,0.0629583005469381
TE00657,0.05534660289730067
TE01267,0.06434385234474349
TE02952,0.4609165917314927
TE01903,0.05764556719378212
TE01089,0.36542341261644856
TE00218,0.032245674663438674
TE01406,0.16447869596226145
TE02764,0.15890732338362606
TE00425,0.12220412075011784
TE01036,0.39189515811528236
TE02701,0.06825206283431962
TE01329,0.17478570071071806
TE00950,0.1406458657295793
TE01211,0.09948172045165127
TE01725,0.3825127508885334
TE02543,0.1006281110211411
TE00722,0.5576906029511156
TE02668,0.14966240216310533
TE02654,0.06971192096735142
TE02104,0.5281630043989948
TE00984,0.03290096319201248
TE02501,0.0847237575857914
TE02664,0.12394198699662877
TE01796,0.09551772352803584
TE01869,0.06531231172747472
TE00934,0.055156109799628775
TE00036,0.0853508112385103
TE00009,0.44681010549407446
TE01536,0.4335135137899053
TE01403,0.06342561610164314
TE01060,0.07498526489743262
TE02800,0.42442427034319674
TE01537,0.23333690619034866
TE01349,0.05868725120562929
TE00740,0.15164103157816008
TE01936,0.1552470992704067
TE00779,0.08486671697478332
TE00471,0.13565602813968433
TE00672,0.15665327352769035
TE01569,0.039837409365779966
TE00282,0.11551446267053529
TE02294,0.07427197042634022
TE01633,0.1990140811276957
TE00432,0.061085407835273164
TE01970,0.09895419809298865
TE01105,0.03729604625897736
TE01266,0.07387653806648292
TE02249,0.08240955838940237
TE00434,0.1706988580390374
TE01402,0.12837167368655478
TE02228,0.15799200067169417
TE00849,0.060788619163120866
TE00482,0.1246469581833326
TE01361,0.15933292262244195
TE01860,0.06351242177227406
TE02033,0.038261153478520965
TE00223,0.06868497200430804
TE00616,0.08759441497876788
TE00863,0.11340118890711133
TE01305,0.1664924985723757
TE02319,0.10492317844518337
TE02731,0.14103300087240925
TE00527,0.0799930251564141
TE00545,0.07223626329990829
TE01713,0.1828516547010336
TE00013,0.1839569391168942
TE00064,0.18736894198975704
TE02784,0.23706730689469008
TE02078,0.0874248810369147
TE02936,0.3070506472696882
TE01515,0.13915765585322767
TE02131,0.07628027495058087
TE02598,0.14185061521061554
TE02497,0.1219959067130013
TE00678,0.18351381273437223
TE00886,0.15909286706065062
TE02295,0.09085816191940471
TE00101,0.07183467118717565
TE01228,0.10084566335271927
TE02810,0.2503500768448885
TE01240,0.08843247440806201
TE00490,0.07745509471519198
TE02789,0.07103378710748864
TE02794,0.11498586893732182
TE01513,0.2511408021210406
TE00520,0.1382994892500544
TE00842,0.0854518528390404
TE00641,0.10539529852480276
TE01044,0.06852264429406921
TE00983,0.11114173007864171
TE00207,0.19218301934285895
TE01381,0.04490237385169243
TE01841,0.149910483812463
TE01944,0.05155120406497551
TE02813,0.09545525949809083
TE02470,0.05494437057564513
TE00771,0.07751869556582493
TE01047,0.3210997110540671
TE01595,0.16327094226392802
TE01972,0.10955624907918596
TE00660,0.04907721567168858
TE02333,0.06251608336930853
TE00821,0.10702561373187582
TE02906,0.07451888027695718
TE02309,0.14227915174544606
TE01873,0.11626245271313013
TE01760,0.09324069837069736
TE02012,0.10660855927959591
TE00007,0.16098864220332743
TE02526,0.11277389378549693
TE02181,0.27189576706027246
TE00699,0.10747589190478012
TE01994,0.0761342924634607
TE02486,0.26878579518033324
TE00029,0.06211015496689847
TE00890,0.2084319014919891
TE00621,0.10221626796915664
TE02658,0.20404253250402477
TE00377,0.11305158568298912
TE01705,0.23102389415711647
TE00356,0.05060793148935171
TE02151,0.09693856909239221
TE02006,0.09155577214208047
TE00394,0.08952297678466675
TE02427,0.12190684920696923
TE01360,0.12294323285982403
TE01893,0.17073063659776921
TE00667,0.09227346329640058
TE01580,0.055988319132927296
TE00169,0.1860656135782939
TE02020,0.21430293145057855
TE01379,0.38985021945381515
TE00228,0.1061215388328816
TE01097,0.1109484465550386
TE01743,0.1604878950683621
TE02135,0.08397395351505832
TE01048,0.07716952588153893
TE01714,0.08387655454090046
TE01450,0.09411684162852936
TE01471,0.06978490292636232
TE01230,0.07288908041884719
TE00236,0.06671423044176318
TE00235,0.1403576045671121
TE02289,0.22386642735004508
TE02886,0.35804366915539515
TE00749,0.06403262172529893
TE02492,0.33060433366708775
TE01601,0.07064873297257776
TE01224,0.15417709513876965
TE01812,0.11216114052437598
TE01897,0.3753805618008769
TE02122,0.0754123428173008
TE02714,0.0443344392561633
TE02571,0.153824687980648
TE01852,0.3275750797845011
TE00437,0.026170892653154386
TE02359,0.11022861049390822
TE00891,0.24163398047582715
TE02246,0.0662452602678792
TE01560,0.106616475458206
TE00363,0.042966563489575976
TE01104,0.091563719301056
TE00776,0.056776114585894974
TE01914,0.09666764299361727
TE01205,0.08762262846121172
TE01355,0.23887282164480408
TE01983,0.1187489327820108
TE00292,0.061949560547105965
TE01129,0.25517490919613117
TE02758,0.05541883371843887
TE00039,0.34586860373295314
TE01933,0.13664062411649958
TE02667,0.08903271089005853
TE00644,0.0555889314306221
TE01920,0.04538107330960721
TE00702,0.12782321566517718
TE01358,0.07937915523322363
TE01253,0.08848120967984599
TE01336,0.12066112228289108
TE00930,0.04625809579034819
TE00408,0.06631170339464243
TE02303,0.058064201285139755
TE02839,0.10982697926832753
TE02302,0.06143815613654727
TE01486,0.1776730608302035
TE00772,0.2873903820094912
TE01065,0.07190790838270256
TE00547,0.09945194809580596
TE01331,0.09416302211656749
TE01892,0.12053284775333553
TE01605,0.04148287544985566
TE01958,0.07883255237328463
TE02320,0.04715820507920321
TE02787,0.1752897298570004
TE02844,0.1452790225924816
TE02110,0.0701510520364528
TE00389,0.09805743360072591
TE01719,0.09088440524843752
TE01832,0.07058207260217862
TE00574,0.07249211407345599
TE01693,0.1079887232975825
TE00214,0.21216581173299992
TE02745,0.07761649337441079
TE00876,0.23023348802127244
TE00949,0.18251206117827348
TE00473,0.06509994228532402
TE02640,0.0698737808745014
TE02751,0.18000475313151046
TE02592,0.06903314955801883
TE01410,0.19297488362533133
TE00615,0.13528484872341787
TE01141,0.07392693705138936
TE00795,0.11155390987986497
TE01742,0.07852547488298228
TE00267,0.09255460581750385
TE00299,0.1582762079863035
TE02260,0.2732991060905623
TE01879,0.06521561133620023
TE00429,0.18661250170554586
TE01038,0.31538468004663933
TE01058,0.09624763238193011
TE00445,0.08058193387407928
TE00075,0.07964483622691532
TE02717,0.4537623360269416
TE02329,0.08495728308424859
TE01029,0.06295612599286074
TE02499,0.21261989765593398
TE02287,0.4831062851268547
TE02530,0.05711686056864852
TE00424,0.13306527528324844
TE01196,0.24461088792368219
TE01380,0.2749433585055822
TE00987,0.10608443488486456
TE01309,0.05127105632829323
TE02264,0.04644505650230251
TE01577,0.5811165302771554
TE01276,0.044660630731270246
TE02371,0.07808390718790947
TE02836,0.2100093136859184
TE02023,0.24284317134778444
TE01351,0.1767873193734661
TE00964,0.27258596443223987
TE01925,0.3195926379516868
TE02586,0.15090725420378687
TE00945,0.19452805819265154
TE00388,0.25246774093056035
TE00177,0.031872092292339255
TE00614,0.10842327934252512
TE01439,0.042891389539447475
TE00803,0.15084220210547794
TE01353,0.19154349391385495
TE00381,0.05322564022141195
TE02509,0.5014332803572122
TE02174,0.3204839584530167
TE01529,0.14446647194700935
TE02406,0.1646197949401541
TE02872,0.11236681593983502
TE02670,0.14180657117080792
TE02558,0.08066255427336944
TE00995,0.10408793702583234
TE02970,0.14769534652605865
TE02892,0.11326858658025112
TE01178,0.09369160190435943
TE00544,0.0883432182092164
TE00112,0.06556058215358168
TE00095,0.05451613213882076
TE01612,0.25157712023797474
TE00710,0.09201911845140968
TE00027,0.08087704818876443
TE01616,0.051487936932842426
TE00744,0.08032444486405275
TE01726,0.05135735838098865
TE01371,0.06372970287544187
TE02918,0.36034243661621745
TE01026,0.33196331783217414
TE00662,0.15296626275222042
TE01131,0.2445357453226823
TE00575,0.08913592195376553
TE01604,0.07221687102130714
TE02050,0.0800671121658693
TE01064,0.0635220921004576
TE00970,0.051023531516555275
TE01522,0.06049018154298989
TE02565,0.0800637022767722
TE02377,0.1256939302251989
TE02621,0.35095407190258326
TE01512,0.06489854155441456
TE00343,0.2160990644035853
TE01100,0.035502817089720966
TE01797,0.03223665580827223
TE01307,0.07626113154845345
TE02538,0.08593074613329996
TE01046,0.13191897236774616
TE01686,0.11087410169638581
TE00157,0.07982864502459613
TE00322,0.14032429279706968
TE02018,0.10550014857320006
TE00298,0.21937416763835327
TE00933,0.1265982801814811
TE00137,0.0987996465822548
TE01646,0.12715431597972812
TE02522,0.06808747567980372
TE00867,0.3543356702149241
TE00022,0.12087102723001522
TE02780,0.12020900744411037
TE02697,0.09051597683484808
TE02337,0.03700659927763016
TE01317,0.11112630892380143
TE01896,0.044668628425623885
TE02982,0.5114980913167898
TE00711,0.05797951489691222
TE00469,0.14000884266963698
TE02045,0.09593170087081779
TE01819,0.16850603705776301
TE01455,0.08392600536597346
TE01337,0.04170975820446318
TE02660,0.23475239724497282
TE01921,0.1492349294482005
TE02442,0.16471912504675904
TE01352,0.08597518032663437
TE02516,0.10145745289313048
TE01409,0.3017348541595239
TE00200,0.14701263156179226
TE02158,0.22611101795855168
TE02048,0.07470382851126421
TE01808,0.061666838356752955
TE00495,0.03542299364761488
TE02934,0.07519101145056194
TE00782,0.07133677738173048
TE00364,0.12579670714964478
TE00163,0.07672549418724119
TE01884,0.13540264805238042
TE02963,0.08729887630859684
TE01422,0.15376404054518994
TE00331,0.1738543444204786
TE02858,0.06376265466848668
TE00592,0.06075042564627358
TE01785,0.4135579267103145
TE01508,0.05220543987393174
TE02792,0.17237235156365438
TE01426,0.28791644963480967
TE01885,0.1029909315083101
TE01192,0.05128874795663089
TE00935,0.1551286239360721
TE02211,0.07385115514925024
TE02436,0.03801607235370635
TE01649,0.16831102862477576
TE02171,0.2617233775571033
TE01108,0.039003308136630416
TE01158,0.0809355518541607
TE00543,0.10985324198586316
TE02343,0.09652474239337107
TE00817,0.19161055041488406
TE01689,0.06377806181919721
TE02812,0.09778712439846218
TE02756,0.07307362879394354
TE01457,0.24364535895009842
TE01419,0.04077157260343714
TE01412,0.08732824504208006
TE00714,0.0998452376136908
TE00651,0.0738357942194122
TE01940,0.04747563391273393
TE00411,0.07134149817293992
TE01301,0.09897401856839033
TE02051,0.21061388430787156
TE00403,0.04095948613767723
TE00190,0.05532776970564927
TE00758,0.05735147734960936
TE00028,0.12686227011551138
TE02623,0.06808133614012944
TE01282,0.14756252349211127
TE02781,0.1629048805852961
TE01170,0.04705665910990505
TE02518,0.13300800904324697
TE02251,0.1910546434413912
TE00350,0.0744655681868519
TE01440,0.10554319911652904
TE02420,0.08513210998403656
TE02245,0.1277034942666204
TE02240,0.11403866657831423
TE00888,0.24032152151125746
TE01258,0.09762103779265308
TE00848,0.048932901905150095
TE00905,0.07784022210422593
TE01245,0.11086190343418931
TE01816,0.21621839540207274
TE00441,0.05370763176863491
TE01027,0.1265650218306888
TE01338,0.13461798539774444
TE02993,0.22542900871410454
TE00010,0.06958537787716736
TE02986,0.1739986941286321
TE00593,0.04367196308415164
TE01285,0.05373709524303234
TE00618,0.07389936820924052
TE00404,0.10323252861198617
TE00072,0.039068504799579754
TE02555,0.08202362040355578
TE01613,0.07041317497211674
TE00042,0.18808608094020984
TE00300,0.06865395864291986
TE02449,0.08202829061573441
TE00873,0.055875969818601684
TE00462,0.3870970609844561
TE01895,0.09515230349757564
TE02506,0.21333735170099907
TE00021,0.12330992419533597
TE02106,0.14592846981117213
TE01578,0.19850579366559354
TE00562,0.280082541837279
TE02961,0.1524146471353291
TE02101,0.06810136505443518
TE02605,0.23059003938864378
TE01174,0.09564103818771247
TE00455,0.06299142064653249
TE01175,0.1042017731552911
TE01610,0.11607137192311162
TE00736,0.0743178220495785
TE01343,0.22515846529670494
TE01271,0.22064137682620472
TE02626,0.12806487782198323
TE01344,0.06339043862624959
TE02161,0.060501525169956015
TE02712,0.10410203114270057
TE01600,0.09625944619434487
TE02774,0.05486229970975866
TE00119,0.12495235199103254
TE02631,0.16229366709327347
TE01319,0.37915524323918437
TE01199,0.2769025970745707
TE00943,0.043304322669036915
TE01755,0.05906488422848136
TE01392,0.041297513631158037
TE00335,0.048881757333757686
TE01550,0.12294301817369598
TE01587,0.1347836603669805
TE00718,0.07126092189463766
TE02480,0.23127996021992048
TE02459,0.09595836099119323
TE01737,0.11655619742627253
TE02011,0.3704916576820526
TE02328,0.1850911394318963
TE02766,0.06189435574846512
TE01821,0.10298285169507253
TE00371,0.04179380713448598
TE01527,0.13418728785523884
TE01815,0.3091233789785979
TE02896,0.1338931731410455
TE00508,0.1479530870148097
TE00530,0.2966603230175855
TE01783,0.16062556039435952
TE01638,0.0768785942739367
TE02272,0.286576106738033
TE00883,0.24718837372386893
TE00994,0.06576562627705666
TE00882,0.08788444122005543
TE02832,0.08568483103585625
TE02415,0.12641545342264598
TE01943,0.5867777848772922
TE01773,0.3944218968342932
TE02753,0.10457615970043731
TE02925,0.05821413164530852
TE02325,0.07592706781087305
TE00387,0.07063748977022964
TE01395,0.11848685057186205
TE00159,0.15480739394739707
TE00839,0.16104944948805797
TE01672,0.08881368361041678
TE01295,0.07779757018043933
TE02476,0.08081584589188066
TE02907,0.06900390734376922
TE00815,0.10184227997397116
TE00684,0.13438698434781568
TE01389,0.08635196576337835
TE00475,0.06745052810330895
TE02157,0.08502291076715501
TE00492,0.3564741883116979
TE02947,0.09817551184234742
TE00529,0.057190994241534135
TE02070,0.09961285423080532
TE00650,0.20666229568596728
TE00144,0.0791702954479018
TE00607,0.13693857564613357
TE02776,0.15067491514003736
TE02306,0.13175006205549192
TE00125,0.10939739752140377
TE01292,0.08479934353871182
TE02696,0.10184476333641887
TE01073,0.07687541679284321
TE02195,0.06421624258120417
TE00480,0.08713586580069838
TE01858,0.06677265487501163
TE02479,0.07831134113113483
TE00194,0.1799067500074474
TE00005,0.033009254608926925
TE02357,0.10983375135616014
TE00726,0.33607541865001667
TE00685,0.38761886729726425
TE02154,0.056142461352781406
TE00962,0.06610726341476736
TE01347,0.19137946973081907
TE00511,0.2774448573627448
TE00800,0.06480223528077023
TE00747,0.06302442916356574
TE02537,0.20290679436878373
TE00233,0.03820669275235466
TE01469,0.08187542629080466
TE02143,0.17196491836379005
TE01083,0.10352354646379867
TE01021,0.06968675208565019
TE00357,0.09849916821141452
TE00195,0.04359015695159367
TE02978,0.05253112963963816
TE02889,0.43308962510903865
TE01811,0.4701610315869685
TE02671,0.13510239577150687
TE02713,0.0845109434573928
TE01416,0.12219582660508665
TE00571,0.10209480389982023
TE01763,0.055071398876148286
TE01220,0.06372564945365378
TE02338,0.05630703782537
TE02244,0.1361161106536629
TE01273,0.12516012800326362
TE01444,0.13498387679391743
TE01325,0.051894509861044096
TE02355,0.1843822572362661
TE00104,0.14029147744523995
TE00894,0.1168663833099674
TE01628,0.17357869107106247
TE02191,0.1359515794421743
TE02402,0.11643309734984666
TE01787,0.1409452103482179
TE02118,0.10253174620112812
TE02076,0.1154588715045797
TE01296,0.043666706417313704
TE02675,0.7704353878219663
TE01250,0.05548094615781491
TE02864,0.10157263197587271
TE00912,0.15582325851845857
TE02715,0.14084868004001877
TE01782,0.1506759464780966
TE02728,0.08886830093051981
TE01825,0.36547815447625276
TE01518,0.19044702689172102
TE01401,0.4729515454211183
TE01534,0.10221105328807811
TE01891,0.08067069965453982
TE02655,0.1462057601831406
TE01200,0.1729907427282464
TE00968,0.26230272033216695
TE02107,0.07253345991366374
TE01306,0.043355346937801485
TE02930,0.06379621895936001
TE01609,0.10825908767141729
TE02935,0.07769939454089841
TE02313,0.041220753137382035
TE01177,0.0585504974848971
TE01497,0.41848475472746
TE02924,0.12841049044710753
TE00369,0.07596498221947541
TE02958,0.09920742177560911
TE01222,0.08790748354343358
TE02153,0.13960660112045287
TE02256,0.07704325085711898
TE00794,0.06573963154424717
TE01987,0.11932221667012116
TE00418,0.09682580575299443
TE01461,0.23431983345817212
TE01311,0.08061748988796197
TE00249,0.43397218210293276
TE02397,0.13885264765622718
TE02816,0.054542759875231536
TE02503,0.10020917616332795
TE01818,0.27529470614676094
TE01930,0.13678124804149294
TE01203,0.21275439216442815
TE02666,0.032571836120014255
TE01805,0.07090267574277978
TE01484,0.08878973147709035
TE02190,0.08941596255916744
TE01424,0.09203362460463867
TE01596,0.28322423004047975
TE01653,0.16966620823490836
TE01739,0.20369950329861536
TE00991,0.040286930379977125
TE01458,0.22246330633286315
TE00633,0.08362278750544119
TE02808,0.35235757051282757
TE02946,0.10416744124701308
TE01756,0.22668528649090158
TE01182,0.1646975272355099
TE00090,0.06763245688172669
TE02710,0.08101732248880697
TE02690,0.11139487767944745
TE01005,0.07927009242348898
TE00054,0.24069112932172554
TE01498,0.07677059059434768
TE01189,0.18566728570746122
TE01691,0.09229683459475416
TE02269,0.07296849534538864
TE02876,0.2072300774368176
TE00787,0.051340660912047836
TE02307,0.07500638705129227
TE02013,0.0888840476176834
TE02612,0.14235184784054475
TE00047,0.0528567148895297
TE02788,0.12146539090566935
TE02445,0.07236940905406447
TE00742,0.06407511065540544
TE00273,0.05830622934952219
TE01754,0.31904357631656843
TE01997,0.12628362893456963
TE00290,0.631312359452431
TE01334,0.04158713728595273
TE01187,0.04931725453326761
TE02444,0.19460106507873298
TE01078,0.2527845945963579
TE01169,0.07319993353312963
TE01421,0.050562995206606606
TE00419,0.03951541731272244
TE00961,0.12925502255503313
TE01152,0.0524938964744419
TE00781,0.06465569711544214
TE00346,0.266146774880563
TE02542,0.08945724162528475
TE02471,0.2881070852682141
TE00505,0.06391290992459688
TE00025,0.07672661737324496
TE00679,0.0800499481707645
TE00006,0.29236540597003957
TE01314,0.06622632840229868
TE01525,0.0975182375144967
TE00590,0.045498332325490894
TE01528,0.07584542486910076
TE02762,0.363616598414967
TE02524,0.14151156199974665
TE01712,0.058482935030425565
TE02899,0.5840916157234832
TE01732,0.08705705351811557
TE00793,0.45485310180567395
TE00925,0.39883023802048984
TE00981,0.04426260114914453
TE01143,0.08171462229469595
TE02296,0.26512396442094294
TE01437,0.06101683465976534
TE02068,0.07650697821245714
TE00203,0.20080635760001392
TE01327,0.13154657282347584
TE00568,0.0494754761970952
TE00141,0.26238727546050816
TE01687,0.055702091373772245
TE01127,0.12055906994829026
TE02576,0.11717259386194576
TE02092,0.15275858378769588
TE00955,0.2589771967538716
TE01092,0.09274404835993445
TE02130,0.36783228909496135
TE02112,0.08993806740167687
TE00788,0.2445618115172032
TE00497,0.12741003556169803
TE00055,0.11620434502781503
TE02114,0.08449974662517802
TE01157,0.16797948373570648
TE00132,0.20866111201427373
TE00109,0.10965393915084733
TE02241,0.22718786822208895
TE00514,0.05847569918594324
TE01552,0.0923572641347872
TE01133,0.06700629616141124
TE02210,0.10642848393809351
TE00255,0.04706979693533652
TE02485,0.2049116596154169
TE01510,0.11491730612212715
TE00306,0.061909658943925555
TE00476,0.05037752044842687
TE02711,0.11159304980275957
TE00916,0.044977629146027126
TE02824,0.07803958762707032
TE00533,0.09109159327791758
TE00276,0.08880909120551812
TE01984,0.155656919317977
TE02638,0.10170240350354534
TE01980,0.0979422426489653
TE02629,0.07075348499796635
TE01626,0.1889591767019722
TE00919,0.2188257272608211
TE02113,0.12888531333589176
TE01901,0.14639759130751445
TE00395,0.09032091667853018
TE00858,0.04217219171758461
TE01219,0.09108576852229938
TE00212,0.10064531309607944
TE01106,0.05710434607708385
TE02119,0.14822187165734452
TE00746,0.12577511760396062
TE00100,0.063102932875172
TE00001,0.3078544760947979
TE01721,0.0718884688892013
TE00824,0.0813853282647008
TE02643,0.5465384371797616
TE00244,0.25225026012455154
TE00181,0.07047333651750595
TE02974,0.06221057184718206
TE00370,0.41939255406181974
TE02197,0.044501404688205
TE02047,0.07719935019782426
TE00580,0.07987732169552034
TE02740,0.09704052035077526
TE01829,0.39477480661191067
TE01229,0.09480537154070463
TE01701,0.14496536760721174
TE01168,0.08397445262529381
TE01059,0.07607756868179412
TE02707,0.1807249604720158
TE02292,0.06383122835311959
TE02054,0.13419449196439445
TE01621,0.15554672224467936
TE00150,0.13229080287163686
TE01950,0.13512398448014873
TE01056,0.22654304698837874
TE01354,0.06977711537620918
TE02422,0.11033504432571017
TE01910,0.18397763812209017
TE00952,0.031381551069815626
TE00862,0.06191495206344389
TE00783,0.6581070300941384
TE01683,0.04364647884724844
TE00812,0.09075635833380015
TE01482,0.08225288012374266
TE02890,0.09222433566423263
TE01618,0.05099959838049916
TE01300,0.1215806674733322
TE01899,0.31708505569060735
TE02186,0.23919035876256214
TE01688,0.0861558451590835
TE00563,0.09365302940431995
TE01746,0.07615672762818242
TE02903,0.06578873903474576
TE00069,0.046558279634299995
TE02311,0.29806910119516367
TE02215,0.052580510418442306
TE00690,0.13690679211580634
TE00940,0.05160378476282254
TE01960,0.06489828760095356
TE00818,0.21919535631917786
TE01942,0.1400981879007198
TE00526,0.0802040509070334
TE02611,0.1723707125698767
TE02321,0.29122692324692606
TE00399,0.1383904513014359
TE00328,0.44670876976784535
TE00091,0.12480015618652698
TE02821,0.2840898402736887
TE02505,0.32238886410857936
TE01703,0.13584375502409285
TE02500,0.14541116132147647
TE02799,0.06005195472655693
TE02860,0.2952117115212534
TE02096,0.1881335970152243
TE02001,0.05023333606155326
TE01485,0.22924642435569223
TE02478,0.11717788418147479
TE01448,0.07851069959929298
TE00762,0.051934648278982004
TE02230,0.2068308311491151
TE01003,0.09272758188403282
TE02259,0.13889826409938158
TE01913,0.488140733835257
TE02589,0.23112948390118832
TE02331,0.03308947558883235
TE00012,0.11086018491993553
TE00944,0.11366588791495583
TE01541,0.07442723867848874
TE01243,0.20675237452858333
TE01820,0.1413602950670523
TE02727,0.13047483025924442
TE02785,0.14159296906913277
TE01435,0.22823593682032914
TE02617,0.13509840079674074
TE02193,0.0614502684536793
TE02980,0.08465492176269937
TE01937,0.15926371337680223
TE02404,0.4175051485012594
TE01549,0.04105706821829315
TE01099,0.11465457636597486
TE00093,0.03494602330805224
TE01874,0.324464370588686
TE01221,0.08275884669827104
TE01995,0.14756785027358538
TE01632,0.09623535241730646
TE01682,0.1857018184167959
TE01666,0.13178556046482834
TE00829,0.31016124226274017
TE02846,0.07027399003707127
TE01124,0.08627882827308883
TE02887,0.18327939512287225
TE00778,0.24780467166221687
TE02648,0.10521529848458899
TE00481,0.08915342349334839
TE02937,0.06886294746954383
TE02684,0.1216269074272433
TE00555,0.15031729663596277
TE02859,0.10861053522268896
TE02108,0.12365755351775284
TE01730,0.04665885583344795
TE02008,0.09428332105541348
TE01664,0.25451472776712974
TE02941,0.0826349608457714
TE01363,0.21305456208821083
TE00108,0.0837983380816429
TE00768,0.1664687966468712
TE02955,0.05281458356764067
TE00164,0.1215649662817147
TE01377,0.09231470773275735
TE01212,0.06483984431561135
TE00146,0.17596601435270542
TE02229,0.06854596317681695
TE01194,0.08175027813252084
TE01238,0.08036796092385534
TE01460,0.2811710366139894
TE01574,0.13647881170469534
TE00264,0.0785868919528008
TE02148,0.2017775626988489
TE00946,0.08533693194538283
TE00808,0.09924037348774485
TE00448,0.21184188519802963
TE01459,0.0662238802661349
TE00428,0.16544316884025534
TE02136,0.08705115425219911
TE00861,0.11733272677333571
TE02179,0.1297554916857568
TE02754,0.3651032602535841
TE02511,0.09419510244237818
TE02625,0.23091791310364385
TE01130,0.08010212692319371
TE02622,0.229856295195012
TE01265,0.03332485960523116
TE02435,0.08540488835370141
TE00496,0.17786913311266228
TE00833,0.07794566429202385
TE00443,0.10345458066747801
TE02722,0.49155364839741506
TE02094,0.24289623630174467
TE01464,0.09427392701771169
TE01540,0.18133297730228035
TE00422,0.06804041525467795
TE02305,0.08270426222018529
TE01118,0.07878054108695937
TE02366,0.5454069607354242
TE01741,0.13410218726527154
TE00327,0.05530701358854595
TE01052,0.07576885115917364
TE02304,0.10501932580637778
TE01188,0.28202811046665904
TE02477,0.20782396161676647
TE02388,0.11588650764934054
TE01859,0.09720277134437483
TE00677,0.11622812188127316
TE00915,0.31911911969886064
TE00358,0.09952067043675199
TE00084,0.43950637740666926
TE01630,0.05926659562669468
TE01854,0.10598345414871779
TE01716,0.11502188171146122
TE00196,0.10598776443102978
TE01862,0.0851149775922633
TE02239,0.08243215619382836
TE02926,0.056708337955328626
TE02021,0.21936295861229752
TE00605,0.04894745875657011
TE01388,0.07617690603724352
TE00053,0.11348916698775073
TE00111,0.09651046704456265
TE02466,0.12069025089069275
TE01594,0.04097593940933683
TE02996,0.1278220168835435
TE02416,0.11463264434704698
TE02346,0.11543036236507656
TE00435,0.03537465057907585
TE02209,0.22345676513860813
TE01249,0.15769464004399436
TE02437,0.18536546022255093
TE02378,0.11191484453978107
TE02577,0.05986644127632444
TE00254,0.03773222528565417
TE02520,0.14497365298725842
TE00928,0.06225570134929102
TE02601,0.2205773185912277
TE00020,0.08292688162074924
TE01137,0.0859894489680717
TE02917,0.12713956960971565
TE02723,0.14426954690380844
TE02425,0.09072613125172536
TE02865,0.1128454870770784
TE00452,0.08743218015843074
TE01833,0.11587510899569625
TE00730,0.06151821006934431
TE00461,0.10421547037485279
TE02921,0.04663663736377373
TE00799,0.07943511657823278
TE02910,0.179757268519811
TE01148,0.1774457815265236
TE02841,0.07013264876916508
TE00649,0.1038276246824712
TE00743,0.0652648987298992
TE01711,0.08608548173833236
TE02064,0.18028877172896404
TE02029,0.09591812192792373
TE02931,0.07848283769575694
TE01474,0.06490047351163487
TE01407,0.1586396698085888
TE01593,0.14079489447293292
TE01697,0.23936608677593316
TE02055,0.08060223521680551
TE00923,0.03609124879462884
TE02332,0.061863914677418745
TE00773,0.05276740319402688
TE00077,0.10927367092009388
TE01506,0.09502412552342368
TE02352,0.3235696463495533
TE00067,0.0883777202025505
TE02180,0.10796235422880943
TE02299,0.16643592761234083
TE02253,0.08216090675688179
TE02234,0.10386033611634854
TE01752,0.09716594534347248
TE02659,0.07822297543925744
TE02546,0.0729811464336058
TE02168,0.08285632203165419
TE02066,0.06395499735024768
TE00478,0.03979675994346715
TE00454,0.26480074408742726
TE00775,0.0809410205710374
TE00430,0.06602726772303522
TE02431,0.054037868044021324
TE01740,0.18578039567221988
TE00440,0.07607269197601356
TE01911,0.12754234191879196
TE01643,0.5381531939646266
TE00586,0.11822501303894967
TE02383,0.17147746903941452
TE01738,0.059008785111353546
TE00272,0.34347071142895214
TE01644,0.0628544042783116
TE00303,0.04407656094092012
TE02279,0.16133242445705478
TE02721,0.2644112162536696
TE00217,0.05551426034158138
TE00859,0.07132346319717145
TE00459,0.060779033157705824
TE01499,0.04500321350928859
TE01989,0.056056104919269566
TE02046,0.15423900371969826
TE01011,0.07890133870140058
TE00673,0.09248188894985213
TE02665,0.22425067913271612
TE01651,0.10174549910677778
TE02744,0.32384500416770745
TE00596,0.0905514043414546
TE02585,0.16394233926115367
TE01383,0.13084486679840335
TE00140,0.10583652601265112
TE00229,0.07139211197893393
TE02881,0.08066439667689088
TE01425,0.07507565273735912
TE00627,0.30092584178385756
TE01617,0.11299502413374202
TE01277,0.14086345251743013
TE00280,0.04496014806200581
TE00296,0.04300960760725382
TE01161,0.18123372261033532
TE00213,0.10988500125244438
TE01032,0.07641462319038737
TE00450,0.11077601100487666
TE01411,0.0969249671866502
TE01791,0.23879962980777053
TE01955,0.15617594913337382
TE02408,0.09454862676800652
TE02417,0.1072068654021603
TE02231,0.07923667666657858
TE00908,0.05254317621002953
TE00347,0.17233313215778479
TE02361,0.3445005928882974
TE02034,0.09629328706050468
TE00864,0.15967565409054382
TE01685,0.04823317792108792
TE01116,0.318948050241517
TE02100,0.06354386565590278
TE02927,0.07549483730329228
TE00409,0.09631829404144807
TE02749,0.37317816275584487
TE01345,0.6049653596393402
TE02368,0.10391752199162613
TE00860,0.2722899529645236
TE01214,0.14207557224727854
TE00316,0.11157808484837117
TE01288,0.046514046113894286
TE01861,0.2916285794443148
TE00446,0.054773027060549734
TE00733,0.35847880762253154
TE02268,0.12109305662450386
TE02275,0.48186284922256406
TE00535,0.042113530966532475
TE00851,0.34460225441480397
TE02400,0.06782263760767483
TE00577,0.15778042337911938
TE01909,0.15928309869547064
TE01568,0.07727084564899593
TE02056,0.2579877437668284
TE00738,0.2354673640879219
TE02125,0.08615859773891377
TE00257,0.09050176540219242
TE01239,0.048483399959416223
TE00094,0.06035862708639016
TE02227,0.12775355683730316
TE00444,0.22598538103024035
TE02139,0.10374411120786711
TE01766,0.24134723501159988
TE02560,0.03718138621330268
TE00792,0.10188406537240202
TE02216,0.03575709211536559
TE02027,0.15824029406992157
TE00421,0.03766089264260422
TE00170,0.05887749873147574
TE01584,0.07389783939385401
TE00569,0.09397799205222385
TE01565,0.06690494604649941
TE01043,0.14006128623526676
TE02409,0.11538237240708368
TE02145,0.4027580146448492
TE00499,0.06070725486124705
TE00875,0.1649891015460778
TE00329,0.09849220265840875
TE01493,0.08401057920112179
TE01946,0.09635431831602422
TE01468,0.22877834992710283
TE01150,0.07077603936361465
TE00155,0.05578563741729732
TE02097,0.13521271293160614
TE01429,0.06637985885020634
TE00871,0.06708946031881265
TE02535,0.12409582047461432
TE00850,0.34328287620234865
TE01831,0.03998100644186586
TE02979,0.3002607465783954
TE02362,0.4676292553303019
TE00243,0.17565375501062513
TE00308,0.050564060475811815
TE00830,0.16676443663515195
TE00070,0.1967935419573278
TE01049,0.07019351390475044
TE01788,0.37864407342318246
TE02835,0.12306983640136368
TE00314,0.09809381914001433
TE01675,0.09798802170233029
TE02345,0.341570048227742
TE01256,0.13403292453261756
TE00813,0.15808857074377408
TE01539,0.030856118386673327
TE02614,0.09081589372773916
TE01678,0.12887569840505306
TE01016,0.03776468036388973
TE01971,0.1628283035934533
TE00695,0.10181481616295107
TE01480,0.12207388457600658
TE00485,0.12169104261948108
TE00503,0.14068807543429104
TE02138,0.10649044692694763
TE01500,0.038097990714563046
TE02647,0.12108575515858999
TE01101,0.3357031815975558
TE01095,0.2322296675632589
TE00918,0.16387847052750257
TE01391,0.08291022144365937
TE02160,0.12602555306350408
TE01451,0.09131746706904831
TE00796,0.06322673402802208
TE01025,0.040019932203263296
TE01117,0.10065071893978622
TE01385,0.06961216509385687
TE00548,0.3070903519068595
TE00542,0.08939223418579897
TE00552,0.24390056972905727
TE01700,0.13266344615516157
TE01012,0.13597786167646633
TE01650,0.0919459530906792
TE02152,0.21977886846938677
TE02742,0.2085908939547016
TE00332,0.05037067671551508
TE02891,0.15766316921060403
TE01966,0.10979818780978462
TE01708,0.180534811584942
TE02488,0.22781651372667772
TE01135,0.04613575310402811
TE01163,0.04234025349864929
TE01590,0.19069062079137572
TE02316,0.041836602415248184
TE00380,0.13012421570546
TE01676,0.2760936721523586
TE01774,0.22765607223912565
TE00828,0.09836298878776124
TE02091,0.21168426542998514
TE01767,0.12242389511631806
TE01586,0.08841027226989379
TE02912,0.056125183679513
TE00340,0.390967361486561
TE00623,0.1391116923030911
TE00063,0.11247781962408607
TE02923,0.10215226624745578
TE02140,0.07594117806592426
TE01591,0.07759213288861831
TE00537,0.06066514644580237
TE02395,0.3511825681190136
TE00558,0.15377702806129456
TE01254,0.04348795297910664
TE00921,0.13386361388492204
TE02243,0.31535261734422665
TE01947,0.05835665867884508
TE00049,0.15099393145107665
TE00188,0.0863767341244486
TE00954,0.03829211937661194
TE01690,0.06733519867677841
TE01566,0.07163120100124784
TE02074,0.12400822487420925
TE02620,0.27846132599555184
TE00008,0.2811802647733711
TE01302,0.08518793684946976
TE02960,0.10051750263750835
TE02628,0.5483906870189292
TE00975,0.10455469926424127
TE00202,0.06689100087936796
TE02167,0.101048245542302
TE00266,0.1884283358341186
TE03000,0.32368554483273854
TE01620,0.22041112448743833
TE01375,0.09811098082484104
TE02394,0.20568731533978796
TE00539,0.09238648087556281
TE00283,0.12173841408250136
TE00147,0.36703486771805566
TE00374,0.16866076237637045
TE02759,0.09569327447845506
TE02090,0.0634837418168918
TE01959,0.4671145584167402
TE01136,0.05079010700191111
TE00554,0.0818028586032009
TE00182,0.5097116218199148
TE00127,0.25933338942307815
TE00557,0.05396989590922269
TE01173,0.06996395161029066
TE01772,0.05507018316049698
TE00854,0.2303345415051048
TE02132,0.09520418381188378
TE00166,0.1813842383983701
TE00260,0.1870913483580236
TE02440,0.26834264073752445
TE01514,0.05898116245655249
TE01809,0.16371918900092222
TE00947,0.0940308804194463
TE01555,0.15057418457847718
TE02044,0.23417411155574896
TE00506,0.029727592494828
TE02541,0.07955540016734926
TE02314,0.09103577744082719
TE00924,0.08633103847006404
TE01926,0.0503178689177155
TE02399,0.22040732686148462
TE00889,0.05858238354823089
TE00241,0.12484642390895707
TE00914,0.17550607374377636
TE00289,0.18442135922641817
TE02177,0.4552138868529496
TE02752,0.04589196147717936
TE01477,0.14531155870969714
TE00989,0.15152489081241116
TE01710,0.2811479685711896
TE01442,0.24507039059057312
TE00115,0.0731645290225185
TE00903,0.06609995101596183
TE00998,0.07569167762067423
TE01045,0.09042339584789749
TE00342,0.33085776672645795
TE00676,0.31975254717228185
TE01216,0.08377405113065767
TE02266,0.10025680507530937
TE00375,0.08827936272491198
TE00567,0.06856142563712853
TE00948,0.09164547444810921
TE00245,0.16403751527702404
TE00687,0.0752928078788616
TE01246,0.06657368680094232
TE00926,0.10576444106412237
TE02458,0.2393265316712211
TE00872,0.12713155238404503
TE00068,0.05661388305102505
TE00043,0.11128087362528655
TE00018,0.1685865944148729
TE00999,0.11189021144565245
TE02075,0.13626631322392477
TE02223,0.12342053874395931
TE02040,0.10226409868685388
TE00297,0.0747082942380775
TE02202,0.24241382057239347
TE01423,0.10675455821629282
TE02049,0.05424044874347983
TE00957,0.06681414923104081
TE01517,0.2524177653324565
TE01567,0.07410941977513368
TE02627,0.08461682305639681
TE02159,0.04213555969909838
TE02024,0.07380836194672163
TE02073,0.17175388188292964
TE00896,0.06424408468904823
TE02933,0.2772395252439968
TE00142,0.3507272814913412
TE00791,0.14234201293300344
TE00183,0.39602875889019995
TE01475,0.039624595038844475
TE01223,0.14446154826616991
TE02793,0.22609573305947062
TE02919,0.07052080563065176
TE01753,0.08420962805554401
TE01531,0.18033022252944259
TE00341,0.09915742650901727
TE01965,0.06374682063543706
TE00691,0.05287142613430908
TE01260,0.24934102214930293
TE00433,0.07594398137182254
TE00635,0.12390315359525308
TE00884,0.0828895316348677
TE01430,0.2951477360482911
TE01657,0.12693524514525803
TE02989,0.6058146054846865
TE02646,0.06662753189088111
TE02786,0.10095765466985515
TE01838,0.04575468609847603
TE02866,0.04216747676341294
TE00682,0.27262154933784155
TE02495,0.13216208690085765
TE02838,0.3581501047502378
TE01866,0.4241717377312515
TE00135,0.2699966164443191
TE02257,0.317979460643309
TE01969,0.08868747705899409
TE02475,0.0993040454277273
TE01665,0.09125987427948397
TE00734,0.05826424588079282
TE02732,0.13952496244862836
TE01729,0.15535670811838126
TE02652,0.12280071488497983
TE02635,0.4119243075393152
TE00086,0.18012258634334757
TE02708,0.08353563536180966
TE02456,0.20482427339099304
TE01286,0.1285814803515385
TE02985,0.31405363967085587
TE00887,0.211710393131038
TE01558,0.293632800790269
TE00285,0.05194555667729411
TE01367,0.36219040932481217
TE02170,0.07815329639974773
TE01037,0.06696167845766209
TE02976,0.12164760931446596
TE00819,0.040056209899914284
TE00391,0.16666627881863788
TE01294,0.07517157538416128
TE00045,0.11677331645283458
TE02984,0.040999117722805636
TE01916,0.1563802970811737
TE02529,0.1071461498807451
TE00237,0.0654680005232793
TE02802,0.15662506598472478
TE00117,0.13001019726237398
TE01961,0.09043900768783285
TE01364,0.09172724867927604
TE01235,0.4568872977762191
TE00500,0.042201832153950944
TE01585,0.10725684193981591
TE00413,0.16021369664979046
TE00941,0.0705888762369131
TE02238,0.1516663325567536
TE00681,0.13737896416177478
TE00238,0.4709617351274349
TE01917,0.07852077675816627
TE00868,0.08001242332195033
TE01132,0.14182653917880633
TE01779,0.10175168149010838
TE02237,0.25089964300566187
TE02724,0.2575325604997642
TE00143,0.03692428108862482
TE00326,0.4014613245424735
TE01053,0.28703653805612067
TE00487,0.09398608147531301
TE01185,0.09059421239829711
TE01208,0.07394895201978854
TE00637,0.2574509298012425
TE01798,0.05927798568024269
TE00629,0.11303262748029112
TE01735,0.06479167072655045
TE02144,0.07288967375037048
TE01826,0.19667959597470494
TE02796,0.14689706407371614
TE01004,0.14542986531794727
TE01844,0.1565311495343258
TE00688,0.04555051191957242
TE00313,0.088233271612754
TE00901,0.08843476090618127
TE02972,0.09253786548095347
TE01348,0.07071818135266739
TE02975,0.07170698170385108
TE01110,0.3664738516584649
TE02820,0.2616420815960052
TE00675,0.09496686475780863
TE00748,0.27270353541913056
TE02188,0.040364532953398494
TE01843,0.1927076750760819
TE02768,0.3837294152768476
TE02087,0.15916380149150922
TE01952,0.04476186400752283
TE02691,0.16019291959498613
TE02540,0.3094290168418482
TE02533,0.0993957623608992
TE02214,0.17101754742356523
TE02235,0.2029782887887147
TE02966,0.44699174562149435
TE01655,0.0952798391661781
TE02473,0.08077120805539854
TE01576,0.06347452543131359
TE00585,0.1284090553402263
TE01462,0.12570451179368464
TE00909,0.04959943520173153
TE00561,0.07137303952424141
TE02386,0.12158295918758408
TE00484,0.3102876261242467
TE00990,0.05700800885241572
TE02983,0.14343439490156204
TE00549,0.07641096770449046
TE02953,0.15609593715073425
TE01262,0.07667241169648852
TE00048,0.0909093125119395
TE00082,0.4441932440625913
TE00790,0.08159038020266486
TE01063,0.05802619806539653
TE02058,0.09615359005053445
TE02491,0.1263906980180508
TE02748,0.06764976055789423
TE02999,0.4216760585069059
TE01922,0.14217751670832102
TE00645,0.048838199284540196
TE02446,0.2931957044315627
TE02504,0.09576027110675446
TE01436,0.08403771513826863
TE02582,0.574653895071031
TE02523,0.10860429242563938
TE02412,0.17666915854035534
TE02340,0.0913104572674997
TE00367,0.08717226686188709
TE01013,0.1677911637692648
TE00502,0.11824529210218274
TE01184,0.07530682489046746
TE00038,0.44473849790603603
TE02644,0.3851750477677971
TE02255,0.11872820352175786
TE01066,0.07267623845594073
TE01111,0.1056438642904377
TE01008,0.1133255891671778
TE02716,0.14909992205735537
TE00477,0.14737410328346953
TE00980,0.11424766929394597
TE02997,0.13203627068524218
TE02204,0.11914095224671245
TE02730,0.05852573600166289
TE02163,0.08135514881726606
TE02283,0.06531756995074389
TE01386,0.040895006362539024
TE00899,0.14845633479417303
TE01384,0.060045939178663105
TE02636,0.095875822360486
TE02000,0.07136615211489228
TE00107,0.03757026346003337
TE00362,0.07527332152409122
TE01545,0.06689294595376721
TE00760,0.09976215940767603
TE01088,0.3387488973118896
TE01368,0.060045792011614404
TE01669,0.07556082772279132
TE01433,0.032108731862183375
TE00852,0.10883746989781662
TE00985,0.09941235647940938
TE01991,0.17815287039598288
TE02562,0.14472787497693976
TE02115,0.09187768305820689
TE00583,0.06913689084674704
TE02772,0.07775999717567406
TE01441,0.29208684431346993
TE01478,0.05904089184092289
TE00270,0.13713510018591457
TE01210,0.04905169073765896
TE00168,0.04569043442338531
TE00051,0.15951460762902772
TE02578,0.07600233627371689
TE00176,0.06553616032492658
TE01332,0.16987692026928247
TE02678,0.09343940257257435
TE00226,0.06363844938129427
TE02938,0.15495440934103508
TE02254,0.0619081961296527
TE02280,0.4253556169069611
TE01562,0.06081159701750086
TE02779,0.13034655582257043
TE02581,0.09207034728842758
TE01698,0.06292239098983203
TE01420,0.10058539624604976
TE00179,0.05379960831776639
TE01836,0.10333768511172334
TE02851,0.408472765141452
TE00383,0.10649169733544293
TE00338,0.18382578345724965
TE00211,0.16420101962224207
TE02201,0.0937048573716909
TE00770,0.37883023039452507
TE00372,0.06316949992333908
TE00769,0.05663865315514855
TE02702,0.12301749379381025
TE00017,0.11002218327415766
TE02472,0.19069207133638733
TE01546,0.0969846452636415
TE01542,0.0734972241110049
TE00085,0.1465538194373182
TE01557,0.07262903054186737
TE01579,0.1401290084735892
TE02502,0.18400888274769134
TE00917,0.059811778613693994
TE02850,0.1285652783199647
TE01668,0.055365468046529885
TE00019,0.0693795332077913
TE01533,0.13759981708494265
TE01094,0.062436903845714264
TE00451,0.10311339395935816
TE01119,0.11123232460299126
TE01467,0.15004980588430042
TE00269,0.1014557247203558
TE02987,0.07098428948399743
TE01751,0.14634254391291296
TE00559,0.12840348929759712
TE02957,0.07215119230703443
TE02549,0.20560987894794483
TE00110,0.0904622520239456
TE02263,0.5392901393511162
TE00611,0.047892877737516534
TE02574,0.13179860685359518
TE01784,0.16686484270371665
TE00750,0.11907333144079091
TE01369,0.2729696672950826
TE01998,0.23666110180930483
TE00759,0.10909157653395003
TE00694,0.17361669556071332
TE02213,0.05493746668862208
TE01848,0.08091921144764991
TE01768,0.07649109034739791
TE02534,0.12884925732695207
TE00716,0.21671952090346538
TE01583,0.08746300032807805
TE00035,0.03655263038436163
TE02513,0.11115095850922702
TE02613,0.052403331188204644
TE02067,0.09068114712699539
TE01496,0.3510764440634202
TE00579,0.1170343058639847
TE02738,0.08041286145175246
TE01886,0.1286945360994198
TE00732,0.15440618664291306
TE01172,0.25734855983974037
TE02200,0.23590752374109014
TE01813,0.1273831421312946
TE02674,0.27790256152863796
TE00407,0.3001234500888476
TE02871,0.0881795611125004
TE00698,0.0727527641248466
TE02137,0.0594170700085978
TE02327,0.15582541378425402
TE00494,0.12949870685954393
TE01759,0.10528634448292781
TE00081,0.052869483821232396
TE02590,0.1382072542157595
TE00423,0.15240316265646542
TE01316,0.08406685942335895
TE02462,0.2527164124591803
TE02381,0.03366388870013113
TE02375,0.04417630718118227
TE02902,0.25833696818812446
TE00186,0.12122845412351663
TE02719,0.21780599461084077
TE00582,0.19159580150823183
TE01340,0.11745696736000977
TE02376,0.0648095974558552
TE01107,0.07549494361256702
TE00033,0.33129981815723275
TE01670,0.09644651369665984
TE01902,0.09275155244317478
TE01840,0.12348057383992672
TE00805,0.10303565436043556
TE00034,0.058671562402490114
TE02490,0.09080055308763925
TE00988,0.2924152133306583
TE02342,0.061398637693701644
TE00927,0.2538336817841994
TE00057,0.1284926488274826
TE00467,0.10062426822866097
TE02954,0.07561520068940332
TE01227,0.10213290516338393
TE01272,0.3027393716208794
TE00470,0.0643729129688774
TE01090,0.1867909360895402
TE00379,0.09947324594733664
TE00345,0.06879318203904534
TE00224,0.06666524513030303
TE02155,0.21304866147118207
TE01654,0.32212819474849763
TE02443,0.16465009069466008
TE01582,0.08599288929853863
TE01692,0.05309266249112824
TE02212,0.05575782126422782
TE01837,0.10258614395979129
TE02453,0.13660305226601605
TE01452,0.3978349724286389
TE01024,0.3045477196419718
TE01835,0.049686262399885335
TE00965,0.07291129038220043
TE01571,0.05616118348557847
TE02297,0.10369982540405781
TE01298,0.10580157690182321
TE00642,0.039708479162531035
TE02103,0.22172311345893794
TE00498,0.2907595436955966
TE01790,0.07706709847809974
TE00457,0.046424933940006755
TE02483,0.20053989967813796
TE02584,0.07710440353855766
TE00184,0.12584796390328024
TE00080,0.07934283383157828
TE01244,0.2057054567866113
TE00937,0.25161236793332065
TE01030,0.1339963480667913
TE00204,0.16727724667083538
TE02662,0.10096479582968484
TE01871,0.11059602348723047
TE01443,0.06630597281281464
TE01333,0.08718912353947644
TE00595,0.14944090657097323
TE01503,0.04491448185787769
TE01864,0.10522178315052022
TE01524,0.17056619686673014
TE00531,0.14841290893183162
TE02206,0.15210575492654974
TE02944,0.14108550555206492
TE00037,0.09139509549705901
TE02741,0.363966119410542
TE01159,0.08016275286472782
TE02447,0.26784803636063037
TE00522,0.39500774929970217
TE01488,0.0947915578869406
TE00334,0.2513892171457279
TE02739,0.2660256428682409
TE00588,0.090704168536474
TE01259,0.07597418728647823
TE02909,0.09261278014354257
TE02392,0.04442462449603386
TE00023,0.41588542212460633
TE01281,0.03448974280843756
TE00102,0.19972287144100082
TE02025,0.16912497221221268
TE01810,0.35764459559980344
TE02038,0.21191131654907686
TE02521,0.13495867988726265
TE01674,0.04620918528787062
TE00693,0.10479811032610303
TE00501,0.059438060801165024
TE00121,0.2964457218547953
TE01120,0.07957185598634646
TE02481,0.1253266304814848
TE02411,0.20332678943396082
TE01481,0.15345281402120686
TE00134,0.0952956400704827
TE00378,0.056690826187256564
TE00246,0.20191545248141513
TE00376,0.044713692111070076
TE02142,0.08246164991009694
TE02615,0.06957757187559001
TE00263,0.07952358566005915
TE01951,0.04170014095923094
TE00209,0.1419199577902794
TE02698,0.10556534926441002
TE00361,0.055644553166888024
TE01074,0.05827888212715051
TE00483,0.1367550354885272
TE02414,0.06615356790312044
TE00251,0.08816993981120758
TE01677,0.07170639023486013
TE01378,0.06797394905411333
TE02175,0.08116669793748882
TE02773,0.1618051856194419
TE02823,0.10065134039414717
TE00534,0.10232538310524605
TE00825,0.08136465902029627
TE00002,0.08728543354336343
TE00491,0.06944233384523862
TE00550,0.13435462295960815
TE02348,0.31536112657833043
TE01824,0.04508412534664001
TE02405,0.09384872805689186
TE02988,0.089184941108541
TE02894,0.07449824813206925
TE02737,0.06366945791643554
TE01236,0.1668852325361489
TE02317,0.16606728176959035
TE01733,0.319779455005155
TE01715,0.06913737199308007
TE01251,0.10683701582253817
TE01186,0.11011906035238943
TE00172,0.09226117561738023
TE00978,0.05223880869273136
TE00087,0.0627765211974143
TE02150,0.07140746335206036
TE00073,0.08756134582634177
TE01076,0.198471722092661
TE01274,0.2176181305688931
TE01941,0.14028148850694666
TE02041,0.22177035504538292
TE00942,0.03976032910477871
TE00493,0.06797981554312443
TE00720,0.37876655460887176
TE01973,0.23741463615451347
TE02401,0.33243528768246366
TE00123,0.12630716204076498
TE01935,0.29839243917630953
TE01139,0.07791711669262563
TE01055,0.13766217924132654
TE00834,0.10073848916080577
TE01948,0.16734947931813013
TE00837,0.1047242993478873
TE02232,0.08877867603387782
TE02482,0.29126554841465824
TE02882,0.11333156232518503
TE01018,0.12140112107642176
TE02141,0.24120054463634158
TE02286,0.08999460379919241
TE00697,0.37130618291984185
TE01927,0.15353534447115288
TE02563,0.1420613981816779
TE02017,0.04407812378831562
TE00463,0.3374147256970814
TE02819,0.22752474265978584
TE01817,0.11515032908311759
TE01996,0.14226671339882035
TE00220,0.18127303631281075
TE01167,0.0758420605104826
TE01720,0.11236656323372943
TE00509,0.09181803231327193
TE00855,0.0581773243748059
TE01080,0.04703456781541937
TE00953,0.14905509676279335
TE00278,0.04458239639827738
TE01535,0.05104143436253229
TE02450,0.08122520216631007
TE02467,0.07953780715572528
TE00360,0.06927539327754885
TE02083,0.39403337316084663
TE02607,0.11650837359847116
TE02651,0.12028355962034917
TE01764,0.13991470697464967
TE01114,0.051087793404136786
TE00015,0.06254768948520295
TE02656,0.10128693229830918
TE01001,0.1419203049262902
TE02121,0.12309042988775035
TE00032,0.1243275446940883
TE00603,0.06746634329056811
TE02633,0.08397385184818867
TE02250,0.12340342917116214
TE00393,0.08128096011669217
TE02354,0.08383256117871254
TE01684,0.12152824612268928
TE02649,0.09971731139545692
TE00307,0.1399596653191901
TE02207,0.29831545185318786
TE00250,0.059841834753328
TE02689,0.04912223236623903
TE02176,0.05160470721892453
TE02929,0.3323389767038778
TE01799,0.14964743473657577
TE00083,0.06025411046090921
TE00059,0.28772626912291627
TE02452,0.14974969981325673
TE01667,0.09430232529562665
TE02827,0.11341419203549664
TE02081,0.09100015430929587
TE00717,0.07895084338195951
TE02837,0.11909105563062075
TE00827,0.09710765206752624
TE02706,0.2209598915102318
TE01128,0.08562744608790274
TE02956,0.06036375799777548
TE02803,0.1931487852263026
TE00969,0.08291438811471041
TE01924,0.10063811398721412
TE00291,0.0686926653914181
TE00654,0.08787952746372002
TE00231,0.08925504750802751
TE02735,0.11726058949384263
TE01466,0.1937559576106318
TE02778,0.07101405229205175
TE02862,0.054027493492741274
TE00836,0.10262051620150728
TE01233,0.19841516482636168
TE00416,0.12623292185270318
TE00832,0.05685795960055777
TE01647,0.036405332925535355
TE00587,0.0877512454831696
TE01770,0.10054435394971248
TE02208,0.29206834167014434
TE01890,0.1747590683923989
TE01328,0.11626250068136121
TE01454,0.04954119769735628
TE00584,0.1263669059735996
TE02433,0.0884143602541729
TE00405,0.4115290876764855
TE01261,0.14695867758962727
TE02853,0.06443113330550658
TE00339,0.13762717542669728
TE01202,0.07119210546322162
TE01507,0.0969409048018695
TE00551,0.046927976258172625
TE01915,0.07575531988005806
TE01215,0.1938944511272809
TE02322,0.1208560147430953
TE02189,0.09862517732544078
TE02847,0.23599022338278208
TE00474,0.08645445851739236
TE01949,0.08705317547130044
TE00814,0.0545947578498546
TE00932,0.13531780073005087
TE00973,0.051416407399873104
TE02551,0.19026524550005214
TE01868,0.15048643615406773
TE01993,0.09693523285565485
TE01313,0.09552301633172969
TE01777,0.15951326045649877
TE02682,0.1495861705490077
TE00330,0.45334413546554253
TE00844,0.1483685763486197
TE01827,0.2027671800481881
TE00216,0.07712454634744402
TE01279,0.047984045915300234
TE00354,0.04698596984462412
TE01999,0.10428064580612739
TE01418,0.12408896319594317
TE01974,0.11968878697041962
TE02898,0.08531920234373538
TE01530,0.06488736945476711
TE02116,0.0785714490072216
TE00390,0.06859544846537682
TE01373,0.10807643929774105
TE00556,0.10540271649713351
TE00986,0.2711938999472063
TE02099,0.14128253094722415
TE02043,0.20377575069280301
TE02531,0.12621436724574056
TE01619,0.08711509726177198
TE01563,0.4030152697221064
TE00145,0.2107417626653066
TE02695,0.2633637822774748
TE00004,0.07815078222433147
TE01699,0.04093767893082505
TE02374,0.4114459566326243
TE01776,0.19948190054142492
TE01154,0.05247337694744536
TE02084,0.20543371929009369
TE00703,0.042840247529763134
TE00907,0.05273025791724663
TE00609,0.07516255106790741
TE02566,0.28164292836264265
TE00222,0.1157128335349227
TE01085,0.19433702689555718
TE02700,0.37425626050370797
TE01979,0.07836781339771265
TE01134,0.05581402360846951
TE02553,0.06645375655343148
TE01242,0.055004208756654946
TE01802,0.07369451725109903
TE02460,0.10289081531770071
TE00215,0.10957537116372447
TE01615,0.06472667958179873
TE00262,0.041996640166348895
TE00767,0.07445029391532859
TE01034,0.0942001813000412
TE00624,0.10877806521460046
TE02833,0.0737334615739422
TE01098,0.08607937816765496
TE00904,0.056056973521622824
TE02770,0.09994884440948323
TE01548,0.12814420302961732
TE02077,0.08298703448159589
TE01096,0.3533719874886476
TE02222,0.12671850751334643
TE02699,0.279856824914046
TE01069,0.11741257901067176
TE02883,0.0775898686722917
TE01625,0.08709835028946658
TE01631,0.07733449941946717
TE01912,0.09318814594981777
TE00026,0.10222004666223278
TE02606,0.10302715813778474
TE00713,0.08640757937628635
TE02992,0.09754621575152084
TE00646,0.07557327243928831
TE00683,0.09352281763547128
TE02550,0.29697062762120563
TE01599,0.08418022851601492
TE02895,0.03781949413522845
TE00309,0.07718543177026635
TE02432,0.1416761390247929
TE01511,0.21248590340965054
TE02973,0.0680706195032619
TE00240,0.07754318035053412
TE02247,0.053598857603633254
TE01694,0.08729924157278329
TE00847,0.12021610546381459
TE00058,0.19140079466787868
TE02962,0.06511900334367292
TE02363,0.26538335694279674
TE02634,0.06834754529436221
TE02060,0.08027543860687775
TE01166,0.17114121481091327
TE02156,0.07639461073660898
TE00031,0.1685051376692847
TE00295,0.034956736214058044
TE01304,0.13773584500827063
TE02885,0.11150573550309453
TE02276,0.06799380033206592
TE01673,0.29766213134415415
TE02424,0.06896836188431973
TE02336,0.12297718118138906
TE01350,0.0689938422285336
TE02057,0.30547930215757446
TE00920,0.07878184836588438
TE02225,0.48390811150962726
TE01264,0.07942542208334949
TE02324,0.12920811554990327
TE01640,0.19746049832922669
TE01882,0.16777887901334537
TE00709,0.14272481467406473
TE01889,0.1198919574118995
TE01851,0.11859916729445802
TE00826,0.039967558653213386
TE01153,0.06274760842993371
TE02580,0.06637336170901482
TE01365,0.27695346336019605
TE01321,0.1114071022435709
TE00436,0.05491869780412538
TE00061,0.02633230264389036
TE01017,0.09887448913362931
TE00382,0.08984609763116977
TE01867,0.049296751775208404
TE01479,0.08753652409128894
TE00601,0.1262149285957342
TE02964,0.059124412935361935
TE01181,0.2195479998179784
TE02026,0.08934235508653163
TE00253,0.04680530017720886
TE01190,0.06971487531831722
TE00060,0.05831686936740077
TE02353,0.18996578711667808
TE01624,0.06675461071789501
TE02547,0.22517292823133075
TE02905,0.05426991957051881
TE01241,0.09034513934481658
TE02880,0.5252826028124254
TE00252,0.12895142339029245
TE00071,0.1140644862346715
TE02349,0.09413193399432149
TE02262,0.05407607012183147
TE00199,0.21795925074089095
TE02994,0.06287330424890863
TE01990,0.0846247639212607
TE00976,0.03821313777809073
TE00128,0.3091465145452669
TE02117,0.14509266782831517
TE02760,0.15621349289131184
TE02990,0.06447438513187354
TE01778,0.1134936298251663
TE02061,0.11030323783548907
TE00414,0.033086912373334956
TE01602,0.19493437193028296
TE02310,0.2624152638948836
TE00185,0.056640875901493984
TE00664,0.18466053775768365
TE01938,0.2621860024752573
TE02928,0.0414738090505212
TE00831,0.10798632934838243
TE00221,0.1010752864456077
TE00820,0.039632157567664646
TE02596,0.0476990845866831
TE02807,0.1750738294370572
TE00426,0.0955477346021415
TE01976,0.029048321453105666
TE02943,0.09140553850098923
TE00279,0.050980980651385274
TE02183,0.28707845166840246
TE02914,0.04740115176422233
TE00723,0.405542964547662
TE01656,0.04853609100617694
TE01346,0.07912227100135358
TE01138,0.1832832357960808
TE02356,0.21004884479335362
TE01750,0.328765349102936
TE01696,0.060603897900339196
TE01359,0.0862455201033421
TE00016,0.29172678105752836
TE02379,0.059439812851634556
TE00274,0.3009934925265497
TE01062,0.39394247460677306
TE00729,0.03400075447868697
TE02676,0.038946417106028544
TE02594,0.06920096133991678
TE01645,0.10423407912844229
TE00210,0.08749112482804924
TE01614,0.1443316250679901
TE02252,0.2110019629289258
TE00632,0.08611647297870464
TE00325,0.07418766844326358
TE02618,0.07007333361616636
TE00287,0.0673024659820566
TE01559,0.2518027501288102
TE01362,0.09338755421789946
TE02645,0.33396211529703124
TE00304,0.07732668473193291
TE00757,0.1059926207894038
TE00643,0.23596769347961824
TE01734,0.08239235106429277
TE02942,0.07241991272152301
TE01523,0.13515733387940135
TE00546,0.11611520869977504
TE00219,0.09289957723996489
TE01176,0.06094709797318038
TE00669,0.24652454577743585
TE01247,0.20853630425776587
TE02893,0.12401016354430358
TE02098,0.06523856572707676
TE01140,0.07320896397859837
TE02790,0.08785296550775408
TE02039,0.11540508164004108
TE00417,0.1091322652521926
TE02567,0.11743395694945999
TE01907,0.37003846665907536
TE01007,0.09514163284836936
TE00293,0.13980300447853083
TE02512,0.07008247459338918
TE01431,0.09504439785996562
TE00368,0.43175479360339336
TE00638,0.12378477441787225
TE00268,0.12085935745307433
TE01031,0.04293744157148208
TE00663,0.05127700666049288
TE00301,0.047650846371742536
TE02173,0.034857595196158456
TE02382,0.11721799224882934
TE01881,0.08468687443497151
TE00634,0.054817967020614804
TE00386,0.09204440270978315
TE00724,0.15878368194825832
TE02062,0.21224516024881918
TE02031,0.19900792063186462
TE01975,0.23827223202137454
TE01648,0.060231536280108314
TE02843,0.09273062612021865
TE02869,0.163282365877998
TE00573,0.12851410070906572
TE02733,0.10669335961171973
TE02086,0.10260150084987454
TE02683,0.10609143327146953
TE01339,0.2103796885367549
TE01887,0.13568191021977138
TE01002,0.08165866200084511
TE00447,0.09670516546782147
TE01823,0.23949713009595414
TE00977,0.041723991214383055
TE01758,0.24429777204465952
TE00600,0.06952467524094634
TE00704,0.10870784956637444
TE00130,0.05383578975730821
TE01042,0.04438624041558033
TE02192,0.03699834484299517
TE01786,0.42582399727065273
TE00191,0.1768532785705107
TE00620,0.08247553682252079
TE01504,0.04244517411389499
TE01494,0.3568748657515132
TE00865,0.12490324842831357
TE00365,0.04798063166744417
TE00686,0.3526600108841105
TE01039,0.04995565203699889
TE02339,0.10535413309056028
TE02016,0.12119946876772379
TE02367,0.059116990587233194
TE02539,0.0446435237382609
TE02616,0.06368593557790299
TE02407,0.40517088074573276
TE01081,0.2725169798856112
TE00956,0.3477230184165411
TE00114,0.2576729246350277
TE02806,0.12729177292097146
TE02940,0.07582493685223876
TE02687,0.22789707787005062
TE00205,0.2297559048787909
TE02830,0.11211943424475186
TE01988,0.2403258407307625
TE00786,0.07054174430190145
TE02463,0.4588947311870631
TE02300,0.16320595814674538
TE00315,0.11012381569524748
TE00653,0.1362320129634116
TE02842,0.5629542361884754
TE02146,0.10223900921978371
TE01299,0.07201949645910666
TE00777,0.10924050032451751
TE00116,0.07101734404923132
TE02948,0.08635675852735034
TE02977,0.08259548851057723
TE01679,0.059806997238784895
TE01151,0.20879301657691315
TE00275,0.04595152067398906
TE02052,0.052568117209430276
TE02390,0.2917456197983082
TE02991,0.04681831010755083
TE00598,0.059565474795754365
TE02809,0.19457048780112182
TE00239,0.088648136433497
TE00465,0.0742437917460046
TE02277,0.09199565838717426
TE00763,0.18234637852034602
TE01290,0.07054873125194706
TE00225,0.04599758708468119
TE02347,0.07298119627672618
TE02258,0.07013157833854966
TE02036,0.14411728920608086
TE00741,0.2806835127070546
TE01341,0.17925140669883605
TE00153,0.1781988128758652
TE01010,0.24008447216994716
TE02162,0.08059964837523559
TE00752,0.06311838261134785
TE01724,0.21697315260261069
TE01041,0.45385922500737597
TE01704,0.13205155298384502
TE02797,0.06982301889786023
TE00046,0.08466225270207255
TE02233,0.24048010141793397
TE00881,0.13928706266700014
TE02271,0.26231784313147744
TE01845,0.07355918861941503
TE02528,0.15843514018427635
TE01231,0.27533550488286257
TE00822,0.1046068588018757
TE02641,0.10564573477256733
TE00895,0.1391395021856197
TE02035,0.24616245514767848
TE00513,0.1211833677906892
TE00647,0.210801310779129
TE00877,0.3924010147675139
TE01142,0.06815914983560643
TE02561,0.04584073034706143
TE00835,0.14146937239754792
TE02009,0.2941974893438832
TE00754,0.07073583997729793
TE01532,0.06802931018414249
TE01573,0.15175918121390483
TE01179,0.3383907251927094
TE01356,0.048063698011837803
TE00701,0.12583372298611514
TE01204,0.07920497136057487
TE01629,0.18682135076933173
TE00197,0.05825004653615046
TE02815,0.20329108558687464
TE01968,0.06626878256969358
TE00310,0.10619445636389821
TE01745,0.06437489663013224
TE01800,0.11015591756100987
TE00845,0.13647244381723264
TE02801,0.08105804783125922
TE02426,0.4952563470861021
TE02242,0.12139400954512265
TE01870,0.10305873901797188
TE00486,0.11828419572899226
TE01438,0.2271626407680727
TE01850,0.1761498777776086
TE00193,0.06115434933910957
TE00348,0.11612104591632434
TE02932,0.060861902019709896
TE02430,0.2250243393095591
TE01323,0.053369650687962664
TE00384,0.20379107664627805
TE02888,0.12333118709602926
TE01376,0.10000656269668949
TE00721,0.14754833639917792
TE01834,0.11842888242447194
TE02102,0.35197888113847786
TE02568,0.09707110331288042
TE01103,0.07977172315685632
TE01398,0.07416725897075033
TE02661,0.08646534578487394
TE00996,0.3765806648056153
TE00604,0.052499372618742435
TE01919,0.08550071789513393
TE02007,0.09656316017974088
TE01905,0.21184028524197923
TE02798,0.1029578581384405
TE01642,0.2557721347702875
TE02293,0.0771305663002266
TE02527,0.3972249607228587
TE02554,0.520326836188147
TE02165,0.11509252074229817
TE01125,0.0934642016898925
TE01804,0.05779294657870834
TE01982,0.1537933652823495
TE00666,0.1284106567343402
TE00692,0.08630158941259597
TE02351,0.10006451889245768
TE02804,0.14402496834599982
TE01473,0.16094833773388312
TE00671,0.12162477650425858
TE01193,0.03896304477768517
TE01112,0.13729248237639116
TE02663,0.15165643359034442
TE00589,0.06286142538301301
TE00878,0.10357699598652648
TE02968,0.1226774985998701
TE02095,0.14882340561083388
TE01570,0.0843711044395471
TE00149,0.14677553559995404
TE02569,0.038402180047057435
TE01492,0.10402189289280885
TE02729,0.37740335965280786
TE00460,0.09988364810473135
TE00504,0.42997510515644244
TE02811,0.1525427985997566
TE02004,0.10890661289253194
TE02922,0.14601733702793568
TE02693,0.10441131024633066
TE02949,0.11780931842754366
TE02010,0.1170327563713691
TE02852,0.24971166427417282
TE00518,0.04049715892960838
TE02875,0.11545733322685699
TE01082,0.08199693020464889
TE02642,0.07471005737082251
TE01509,0.07097896987939294
TE00311,0.30788180540282134
TE00097,0.14560410815611455
TE02448,0.20464512706036722
TE02298,0.09609209701908081
TE01918,0.06515657131343838
TE00958,0.07347580261668549
TE00464,0.10256446958989363
TE01160,0.13099762076410792
