patient_id,fold
TR00001,0
TR00002,13
TR00003,5
TR00004,6
TR00005,6
TR00006,11
TR00007,3
TR00008,10
TR00009,13
TR00010,3
TR00011,8
TR00012,15
TR00013,7
TR00014,19
TR00015,7
TR00016,14
TR00017,9
TR00018,12
TR00019,13
TR00020,12
TR00021,17
TR00022,19
TR00023,8
TR00024,8
TR00025,11
TR00026,14
TR00027,17
TR00028,14
TR00029,11
TR00030,16
TR00031,7
TR00032,10
TR00033,13
TR00034,6
TR00035,5
TR00036,14
TR00037,1
TR00038,9
TR00039,12
TR00040,8
TR00041,18
TR00042,4
TR00043,0
TR00044,19
TR00045,15
TR00046,17
TR00047,5
TR00048,0
TR00049,14
TR00050,10
TR00051,4
TR00052,11
TR00053,16
TR00054,11
TR00055,0
TR00056,14
TR00057,10
TR00058,14
TR00059,18
TR00060,11
TR00061,16
TR00062,13
TR00063,8
TR00064,16
TR00065,15
TR00066,15
TR00067,11
TR00068,16
TR00069,11
TR00070,19
TR00071,7
TR00072,9
TR00073,1
TR00074,11
TR00075,15
TR00076,6
TR00077,0
TR00078,5
TR00079,0
TR00080,8
TR00081,4
TR00082,11
TR00083,16
TR00084,12
TR00085,12
TR00086,7
TR00087,5
TR00088,13
TR00089,2
TR00090,7
TR00091,2
TR00092,4
TR00093,15
TR00094,17
TR00095,2
TR00096,12
TR00097,0
TR00098,10
TR00099,1
TR00100,7
TR00101,7
TR00102,19
TR00103,1
TR00104,17
TR00105,19
TR00106,2
TR00107,2
TR00108,12
TR00109,15
TR00110,4
TR00111,2
TR00112,0
TR00113,19
TR00114,15
TR00115,14
TR00116,5
TR00117,4
TR00118,15
TR00119,14
TR00120,19
TR00121,5
TR00122,19
TR00123,4
TR00124,14
TR00125,2
TR00126,16
TR00127,9
TR00128,10
TR00129,11
TR00130,8
TR00131,0
TR00132,16
TR00133,11
TR00134,7
TR00135,12
TR00136,6
TR00137,0
TR00138,15
TR00139,17
TR00140,2
TR00141,16
TR00142,8
TR00143,8
TR00144,19
TR00145,17
TR00146,0
TR00147,9
TR00148,8
TR00149,9
TR00150,8
TR00151,15
TR00152,10
TR00153,14
TR00154,12
TR00155,8
TR00156,19
TR00157,9
TR00158,9
TR00159,8
TR00160,12
TR00161,10
TR00162,11
TR00163,14
TR00164,0
TR00165,11
TR00166,7
TR00167,3
TR00168,7
TR00169,11
TR00170,10
TR00171,9
TR00172,17
TR00173,2
TR00174,0
TR00175,17
TR00176,7
TR00177,11
TR00178,4
TR00179,17
TR00180,5
TR00181,12
TR00182,3
TR00183,14
TR00184,5
TR00185,16
TR00186,2
TR00187,3
TR00188,8
TR00189,11
TR00190,19
TR00191,4
TR00192,4
TR00193,0
TR00194,19
TR00195,11
TR00196,8
TR00197,5
TR00198,10
TR00199,8
TR00200,2
TR00201,2
TR00202,16
TR00203,13
TR00204,7
TR00205,2
TR00206,17
TR00207,3
TR00208,18
TR00209,8
TR00210,15
TR00211,13
TR00212,3
TR00213,15
TR00214,16
TR00215,17
TR00216,14
TR00217,15
TR00218,7
TR00219,6
TR00220,2
TR00221,6
TR00222,4
TR00223,0
TR00224,8
TR00225,11
TR00226,0
TR00227,18
TR00228,11
TR00229,1
TR00230,6
TR00231,12
TR00232,18
TR00233,8
TR00234,4
TR00235,4
TR00236,17
TR00237,5
TR00238,8
TR00239,6
TR00240,11
TR00241,19
TR00242,12
TR00243,6
TR00244,12
TR00245,17
TR00246,14
TR00247,11
TR00248,3
TR00249,5
TR00250,12
TR00251,11
TR00252,9
TR00253,17
TR00254,4
TR00255,6
TR00256,5
TR00257,0
TR00258,8
TR00259,17
TR00260,11
TR00261,4
TR00262,3
TR00263,12
TR00264,16
TR00265,10
TR00266,18
TR00267,12
TR00268,9
TR00269,12
TR00270,14
TR00271,14
TR00272,1
TR00273,2
TR00274,19
TR00275,6
TR00276,0
TR00277,13
TR00278,11
TR00279,8
TR00280,0
TR00281,18
TR00282,12
TR00283,5
TR00284,8
TR00285,1
TR00286,1
TR00287,16
TR00288,4
TR00289,12
TR00290,3
TR00291,14
TR00292,5
TR00293,11
TR00294,12
TR00295,14
TR00296,19
TR00297,8
TR00298,15
TR00299,2
TR00300,11
TR00301,3
TR00302,5
TR00303,12
TR00304,14
TR00305,3
TR00306,5
TR00307,17
TR00308,18
TR00309,14
TR00310,17
TR00311,1
TR00312,8
TR00313,11
TR00314,0
TR00315,13
TR00316,2
TR00317,14
TR00318,1
TR00319,15
TR00320,17
TR00321,13
TR00322,14
TR00323,14
TR00324,1
TR00325,5
TR00326,2
TR00327,13
TR00328,18
TR00329,0
TR00330,10
TR00331,6
TR00332,9
TR00333,12
TR00334,7
TR00335,8
TR00336,8
TR00337,16
TR00338,2
TR00339,2
TR00340,12
TR00341,12
TR00342,0
TR00343,17
TR00344,3
TR00345,11
TR00346,11
TR00347,5
TR00348,4
TR00349,13
TR00350,17
TR00351,3
TR00352,11
TR00353,17
TR00354,13
TR00355,10
TR00356,15
TR00357,6
TR00358,2
TR00359,1
TR00360,8
TR00361,7
TR00362,5
TR00363,16
TR00364,13
TR00365,7
TR00366,2
TR00367,9
TR00368,3
TR00369,11
TR00370,0
TR00371,4
TR00372,1
TR00373,2
TR00374,14
TR00375,17
TR00376,0
TR00377,7
TR00378,9
TR00379,10
TR00380,0
TR00381,11
TR00382,18
TR00383,6
TR00384,14
TR00385,7
TR00386,8
TR00387,11
TR00388,2
TR00389,4
TR00390,5
TR00391,7
TR00392,10
TR00393,8
TR00394,4
TR00395,13
TR00396,0
TR00397,12
TR00398,18
TR00399,6
TR00400,9
TR00401,1
TR00402,2
TR00403,8
TR00404,3
TR00405,19
TR00406,2
TR00407,2
TR00408,17
TR00409,16
TR00410,9
TR00411,1
TR00412,7
TR00413,14
TR00414,14
TR00415,13
TR00416,6
TR00417,16
TR00418,0
TR00419,13
TR00420,15
TR00421,14
TR00422,13
TR00423,1
TR00424,18
TR00425,2
TR00426,17
TR00427,2
TR00428,5
TR00429,14
TR00430,12
TR00431,14
TR00432,13
TR00433,2
TR00434,8
TR00435,8
TR00436,19
TR00437,10
TR00438,12
TR00439,7
TR00440,8
TR00441,8
TR00442,12
TR00443,18
TR00444,11
TR00445,4
TR00446,11
TR00447,11
TR00448,4
TR00449,6
TR00450,6
TR00451,19
TR00452,15
TR00453,15
TR00454,6
TR00455,16
TR00456,7
TR00457,1
TR00458,2
TR00459,16
TR00460,17
TR00461,0
TR00462,19
TR00463,17
TR00464,6
TR00465,11
TR00466,3
TR00467,10
TR00468,4
TR00469,17
TR00470,3
TR00471,14
TR00472,4
TR00473,5
TR00474,15
TR00475,14
TR00476,3
TR00477,13
TR00478,11
TR00479,1
TR00480,4
TR00481,5
TR00482,6
TR00483,0
TR00484,4
TR00485,3
TR00486,0
TR00487,8
TR00488,18
TR00489,17
TR00490,6
TR00491,18
TR00492,1
TR00493,0
TR00494,17
TR00495,15
TR00496,6
TR00497,13
TR00498,9
TR00499,13
TR00500,11
TR00501,13
TR00502,10
TR00503,12
TR00504,9
TR00505,15
TR00506,5
TR00507,13
TR00508,1
TR00509,16
TR00510,13
TR00511,4
TR00512,16
TR00513,7
TR00514,11
TR00515,15
TR00516,18
TR00517,1
TR00518,15
TR00519,3
TR00520,13
TR00521,6
TR00522,19
TR00523,17
TR00524,5
TR00525,4
TR00526,14
TR00527,0
TR00528,15
TR00529,12
TR00530,19
TR00531,18
TR00532,18
TR00533,13
TR00534,14
TR00535,1
TR00536,19
TR00537,5
TR00538,14
TR00539,6
TR00540,6
TR00541,13
TR00542,4
TR00543,7
TR00544,15
TR00545,15
TR00546,18
TR00547,19
TR00548,3
TR00549,7
TR00550,19
TR00551,9
TR00552,13
TR00553,8
TR00554,12
TR00555,9
TR00556,0
TR00557,1
TR00558,6
TR00559,3
TR00560,19
TR00561,16
TR00562,15
TR00563,11
TR00564,2
TR00565,10
TR00566,15
TR00567,1
TR00568,9
TR00569,2
TR00570,6
TR00571,15
TR00572,3
TR00573,18
TR00574,11
TR00575,1
TR00576,7
TR00577,13
TR00578,11
TR00579,13
TR00580,18
TR00581,6
TR00582,10
TR00583,2
TR00584,0
TR00585,14
TR00586,12
TR00587,17
TR00588,7
TR00589,16
TR00590,12
TR00591,7
TR00592,16
TR00593,5
TR00594,9
TR00595,3
TR00596,15
TR00597,2
TR00598,2
TR00599,17
TR00600,4
TR00601,2
TR00602,17
TR00603,3
TR00604,0
TR00605,1
TR00606,16
TR00607,13
TR00608,10
TR00609,8
TR00610,7
TR00611,19
TR00612,7
TR00613,1
TR00614,5
TR00615,4
TR00616,0
TR00617,12
TR00618,1
TR00619,9
TR00620,4
TR00621,13
TR00622,8
TR00623,19
TR00624,17
TR00625,7
TR00626,13
TR00627,19
TR00628,4
TR00629,1
TR00630,18
TR00631,2
TR00632,14
TR00633,1
TR00634,11
TR00635,1
TR00636,5
TR00637,16
TR00638,7
TR00639,17
TR00640,8
TR00641,15
TR00642,13
TR00643,17
TR00644,0
TR00645,6
TR00646,19
TR00647,7
TR00648,3
TR00649,4
TR00650,14
TR00651,5
TR00652,14
TR00653,14
TR00654,0
TR00655,6
TR00656,0
TR00657,12
TR00658,0
TR00659,13
TR00660,17
TR00661,7
TR00662,5
TR00663,7
TR00664,12
TR00665,4
TR00666,13
TR00667,2
TR00668,3
TR00669,6
TR00670,18
TR00671,5
TR00672,9
TR00673,19
TR00674,4
TR00675,19
TR00676,3
TR00677,17
TR00678,19
TR00679,7
TR00680,4
TR00681,4
TR00682,8
TR00683,3
TR00684,14
TR00685,11
TR00686,4
TR00687,3
TR00688,18
TR00689,16
TR00690,0
TR00691,12
TR00692,6
TR00693,2
TR00694,17
TR00695,9
TR00696,2
TR00697,2
TR00698,12
TR00699,13
TR00700,17
TR00701,3
TR00702,6
TR00703,5
TR00704,3
TR00705,3
TR00706,8
TR00707,3
TR00708,17
TR00709,1
TR00710,12
TR00711,17
TR00712,15
TR00713,13
TR00714,18
TR00715,5
TR00716,19
TR00717,15
TR00718,0
TR00719,6
TR00720,0
TR00721,7
TR00722,11
TR00723,9
TR00724,7
TR00725,1
TR00726,16
TR00727,3
TR00728,8
TR00729,10
TR00730,10
TR00731,17
TR00732,4
TR00733,2
TR00734,0
TR00735,8
TR00736,19
TR00737,14
TR00738,1
TR00739,4
TR00740,2
TR00741,18
TR00742,9
TR00743,16
TR00744,15
TR00745,18
TR00746,9
TR00747,14
TR00748,6
TR00749,10
TR00750,10
TR00751,2
TR00752,10
TR00753,15
TR00754,17
TR00755,18
TR00756,5
TR00757,6
TR00758,19
TR00759,9
TR00760,16
TR00761,14
TR00762,15
TR00763,15
TR00764,10
TR00765,12
TR00766,9
TR00767,10
TR00768,9
TR00769,3
TR00770,5
TR00771,3
TR00772,7
TR00773,7
TR00774,9
TR00775,19
TR00776,19
TR00777,4
TR00778,10
TR00779,0
TR00780,17
TR00781,6
TR00782,9
TR00783,7
TR00784,11
TR00785,10
TR00786,11
TR00787,1
TR00788,1
TR00789,10
TR00790,19
TR00791,17
TR00792,2
TR00793,1
TR00794,15
TR00795,18
TR00796,19
TR00797,2
TR00798,1
TR00799,7
TR00800,1
TR00801,1
TR00802,13
TR00803,1
TR00804,2
TR00805,5
TR00806,0
TR00807,18
TR00808,9
TR00809,13
TR00810,5
TR00811,0
TR00812,7
TR00813,0
TR00814,11
TR00815,0
TR00816,4
TR00817,11
TR00818,9
TR00819,11
TR00820,11
TR00821,18
TR00822,11
TR00823,10
TR00824,13
TR00825,8
TR00826,19
TR00827,8
TR00828,5
TR00829,14
TR00830,9
TR00831,13
TR00832,3
TR00833,8
TR00834,7
TR00835,2
TR00836,7
TR00837,11
TR00838,13
TR00839,17
TR00840,19
TR00841,12
TR00842,15
TR00843,7
TR00844,11
TR00845,10
TR00846,12
TR00847,19
TR00848,14
TR00849,17
TR00850,6
TR00851,19
TR00852,4
TR00853,5
TR00854,4
TR00855,4
TR00856,4
TR00857,0
TR00858,3
TR00859,17
TR00860,12
TR00861,13
TR00862,0
TR00863,19
TR00864,6
TR00865,8
TR00866,8
TR00867,1
TR00868,4
TR00869,9
TR00870,13
TR00871,3
TR00872,7
TR00873,1
TR00874,17
TR00875,18
TR00876,4
TR00877,9
TR00878,9
TR00879,2
TR00880,12
TR00881,5
TR00882,15
TR00883,8
TR00884,5
TR00885,5
TR00886,19
TR00887,15
TR00888,8
TR00889,7
TR00890,7
TR00891,16
TR00892,3
TR00893,3
TR00894,3
TR00895,10
TR00896,10
TR00897,14
TR00898,9
TR00899,13
TR00900,5
TR00901,19
TR00902,5
TR00903,3
TR00904,10
TR00905,0
TR00906,0
TR00907,2
TR00908,1
TR00909,3
TR00910,6
TR00911,19
TR00912,7
TR00913,2
TR00914,19
TR00915,11
TR00916,16
TR00917,12
TR00918,10
TR00919,5
TR00920,8
TR00921,9
TR00922,19
TR00923,1
TR00924,18
TR00925,3
TR00926,18
TR00927,15
TR00928,10
TR00929,4
TR00930,9
TR00931,18
TR00932,5
TR00933,2
TR00934,2
TR00935,1
TR00936,0
TR00937,13
TR00938,15
TR00939,11
TR00940,8
TR00941,16
TR00942,15
TR00943,12
TR00944,10
TR00945,17
TR00946,0
TR00947,0
TR00948,1
TR00949,1
TR00950,14
TR00951,15
TR00952,6
TR00953,4
TR00954,4
TR00955,14
TR00956,12
TR00957,5
TR00958,14
TR00959,6
TR00960,1
TR00961,1
TR00962,19
TR00963,5
TR00964,19
TR00965,7
TR00966,15
TR00967,6
TR00968,7
TR00969,19
TR00970,8
TR00971,7
TR00972,12
TR00973,18
TR00974,6
TR00975,10
TR00976,1
TR00977,6
TR00978,5
TR00979,4
TR00980,0
TR00981,9
TR00982,11
TR00983,18
TR00984,10
TR00985,10
TR00986,6
TR00987,17
TR00988,18
TR00989,15
TR00990,10
TR00991,3
TR00992,9
TR00993,0
TR00994,9
TR00995,15
TR00996,12
TR00997,14
TR00998,11
TR00999,1
TR01000,14
TR01001,3
TR01002,7
TR01003,15
TR01004,4
TR01005,6
TR01006,6
TR01007,3
TR01008,11
TR01009,17
TR01010,15
TR01011,9
TR01012,16
TR01013,4
TR01014,0
TR01015,16
TR01016,16
TR01017,5
TR01018,7
TR01019,17
TR01020,15
TR01021,1
TR01022,13
TR01023,18
TR01024,3
TR01025,15
TR01026,15
TR01027,10
TR01028,7
TR01029,3
TR01030,19
TR01031,15
TR01032,19
TR01033,1
TR01034,12
TR01035,17
TR01036,0
TR01037,14
TR01038,13
TR01039,9
TR01040,9
TR01041,16
TR01042,9
TR01043,16
TR01044,0
TR01045,1
TR01046,18
TR01047,7
TR01048,9
TR01049,1
TR01050,16
TR01051,9
TR01052,7
TR01053,12
TR01054,15
TR01055,9
TR01056,4
TR01057,19
TR01058,3
TR01059,13
TR01060,6
TR01061,6
TR01062,1
TR01063,6
TR01064,4
TR01065,4
TR01066,14
TR01067,15
TR01068,1
TR01069,19
TR01070,19
TR01071,4
TR01072,1
TR01073,18
TR01074,0
TR01075,18
TR01076,15
TR01077,12
TR01078,10
TR01079,8
TR01080,6
TR01081,18
TR01082,3
TR01083,9
TR01084,17
TR01085,15
TR01086,6
TR01087,16
TR01088,0
TR01089,8
TR01090,0
TR01091,8
TR01092,16
TR01093,6
TR01094,2
TR01095,14
TR01096,13
TR01097,13
TR01098,1
TR01099,7
TR01100,3
TR01101,18
TR01102,18
TR01103,17
TR01104,10
TR01105,19
TR01106,16
TR01107,7
TR01108,18
TR01109,19
TR01110,4
TR01111,19
TR01112,19
TR01113,13
TR01114,7
TR01115,10
TR01116,18
TR01117,7
TR01118,9
TR01119,9
TR01120,7
TR01121,5
TR01122,0
TR01123,11
TR01124,13
TR01125,18
TR01126,19
TR01127,7
TR01128,5
TR01129,19
TR01130,1
TR01131,8
TR01132,1
TR01133,6
TR01134,6
TR01135,16
TR01136,0
TR01137,6
TR01138,3
TR01139,9
TR01140,11
TR01141,5
TR01142,15
TR01143,16
TR01144,17
TR01145,10
TR01146,14
TR01147,2
TR01148,11
TR01149,13
TR01150,4
TR01151,12
TR01152,4
TR01153,5
TR01154,1
TR01155,10
TR01156,9
TR01157,12
TR01158,3
TR01159,3
TR01160,10
TR01161,0
TR01162,4
TR01163,7
TR01164,5
TR01165,14
TR01166,16
TR01167,10
TR01168,13
TR01169,15
TR01170,15
TR01171,5
TR01172,19
TR01173,16
TR01174,13
TR01175,15
TR01176,19
TR01177,1
TR01178,19
TR01179,17
TR01180,4
TR01181,17
TR01182,0
TR01183,17
TR01184,3
TR01185,11
TR01186,3
TR01187,14
TR01188,14
TR01189,10
TR01190,14
TR01191,12
TR01192,19
TR01193,11
TR01194,15
TR01195,16
TR01196,0
TR01197,8
TR01198,11
TR01199,0
TR01200,12
TR01201,11
TR01202,1
TR01203,5
TR01204,17
TR01205,17
TR01206,5
TR01207,19
TR01208,10
TR01209,14
TR01210,1
TR01211,19
TR01212,17
TR01213,17
TR01214,9
TR01215,2
TR01216,5
TR01217,5
TR01218,9
TR01219,16
TR01220,8
TR01221,4
TR01222,15
TR01223,0
TR01224,2
TR01225,17
TR01226,9
TR01227,3
TR01228,13
TR01229,11
TR01230,7
TR01231,0
TR01232,16
TR01233,8
TR01234,9
TR01235,18
TR01236,6
TR01237,16
TR01238,16
TR01239,14
TR01240,16
TR01241,6
TR01242,0
TR01243,10
TR01244,14
TR01245,18
TR01246,3
TR01247,18
TR01248,17
TR01249,18
TR01250,7
TR01251,10
TR01252,13
TR01253,6
TR01254,18
TR01255,9
TR01256,17
TR01257,10
TR01258,3
TR01259,16
TR01260,8
TR01261,18
TR01262,0
TR01263,17
TR01264,19
TR01265,5
TR01266,4
TR01267,16
TR01268,0
TR01269,19
TR01270,17
TR01271,12
TR01272,8
TR01273,5
TR01274,11
TR01275,10
TR01276,8
TR01277,0
TR01278,3
TR01279,13
TR01280,1
TR01281,11
TR01282,2
TR01283,18
TR01284,18
TR01285,4
TR01286,9
TR01287,18
TR01288,18
TR01289,11
TR01290,9
TR01291,13
TR01292,19
TR01293,1
TR01294,12
TR01295,15
TR01296,6
TR01297,14
TR01298,10
TR01299,2
TR01300,0
TR01301,2
TR01302,13
TR01303,3
TR01304,5
TR01305,17
TR01306,6
TR01307,18
TR01308,4
TR01309,16
TR01310,14
TR01311,18
TR01312,16
TR01313,5
TR01314,3
TR01315,6
TR01316,12
TR01317,4
TR01318,5
TR01319,8
TR01320,18
TR01321,0
TR01322,2
TR01323,8
TR01324,14
TR01325,11
TR01326,17
TR01327,7
TR01328,2
TR01329,16
TR01330,5
TR01331,3
TR01332,17
TR01333,7
TR01334,13
TR01335,9
TR01336,12
TR01337,7
TR01338,15
TR01339,10
TR01340,18
TR01341,19
TR01342,18
TR01343,3
TR01344,14
TR01345,0
TR01346,4
TR01347,7
TR01348,16
TR01349,1
TR01350,18
TR01351,16
TR01352,16
TR01353,17
TR01354,3
TR01355,17
TR01356,1
TR01357,2
TR01358,15
TR01359,14
TR01360,15
TR01361,5
TR01362,18
TR01363,14
TR01364,7
TR01365,0
TR01366,7
TR01367,16
TR01368,1
TR01369,6
TR01370,16
TR01371,2
TR01372,13
TR01373,11
TR01374,5
TR01375,3
TR01376,13
TR01377,10
TR01378,9
TR01379,7
TR01380,11
TR01381,1
TR01382,7
TR01383,16
TR01384,19
TR01385,19
TR01386,15
TR01387,19
TR01388,18
TR01389,2
TR01390,11
TR01391,16
TR01392,18
TR01393,2
TR01394,10
TR01395,7
TR01396,19
TR01397,8
TR01398,16
TR01399,1
TR01400,2
TR01401,14
TR01402,15
TR01403,19
TR01404,1
TR01405,5
TR01406,1
TR01407,14
TR01408,7
TR01409,16
TR01410,7
TR01411,14
TR01412,2
TR01413,13
TR01414,12
TR01415,9
TR01416,10
TR01417,6
TR01418,9
TR01419,13
TR01420,1
TR01421,3
TR01422,7
TR01423,0
TR01424,16
TR01425,4
TR01426,7
TR01427,16
TR01428,12
TR01429,9
TR01430,16
TR01431,12
TR01432,7
TR01433,0
TR01434,2
TR01435,15
TR01436,18
TR01437,7
TR01438,12
TR01439,17
TR01440,11
TR01441,19
TR01442,18
TR01443,7
TR01444,1
TR01445,11
TR01446,13
TR01447,19
TR01448,4
TR01449,1
TR01450,18
TR01451,10
TR01452,17
TR01453,13
TR01454,12
TR01455,14
TR01456,15
TR01457,11
TR01458,4
TR01459,17
TR01460,0
TR01461,8
TR01462,2
TR01463,6
TR01464,9
TR01465,8
TR01466,12
TR01467,18
TR01468,12
TR01469,7
TR01470,14
TR01471,0
TR01472,11
TR01473,4
TR01474,17
TR01475,13
TR01476,10
TR01477,15
TR01478,9
TR01479,10
TR01480,12
TR01481,2
TR01482,9
TR01483,18
TR01484,7
TR01485,17
TR01486,12
TR01487,10
TR01488,10
TR01489,14
TR01490,5
TR01491,10
TR01492,4
TR01493,11
TR01494,2
TR01495,10
TR01496,12
TR01497,5
TR01498,8
TR01499,8
TR01500,4
TR01501,2
TR01502,0
TR01503,15
TR01504,4
TR01505,2
TR01506,17
TR01507,5
TR01508,13
TR01509,11
TR01510,16
TR01511,3
TR01512,8
TR01513,8
TR01514,13
TR01515,0
TR01516,7
TR01517,5
TR01518,4
TR01519,8
TR01520,6
TR01521,7
TR01522,1
TR01523,5
TR01524,9
TR01525,15
TR01526,8
TR01527,10
TR01528,11
TR01529,16
TR01530,18
TR01531,5
TR01532,3
TR01533,15
TR01534,12
TR01535,9
TR01536,9
TR01537,4
TR01538,9
TR01539,10
TR01540,14
TR01541,16
TR01542,6
TR01543,11
TR01544,12
TR01545,12
TR01546,11
TR01547,16
TR01548,0
TR01549,19
TR01550,12
TR01551,4
TR01552,8
TR01553,7
TR01554,4
TR01555,9
TR01556,3
TR01557,12
TR01558,11
TR01559,4
TR01560,7
TR01561,17
TR01562,19
TR01563,3
TR01564,9
TR01565,1
TR01566,0
TR01567,4
TR01568,3
TR01569,7
TR01570,17
TR01571,6
TR01572,15
TR01573,2
TR01574,11
TR01575,18
TR01576,12
TR01577,4
TR01578,11
TR01579,10
TR01580,0
TR01581,13
TR01582,14
TR01583,14
TR01584,0
TR01585,9
TR01586,11
TR01587,19
TR01588,12
TR01589,9
TR01590,7
TR01591,15
TR01592,18
TR01593,13
TR01594,7
TR01595,15
TR01596,11
TR01597,12
TR01598,17
TR01599,3
TR01600,16
TR01601,19
TR01602,19
TR01603,2
TR01604,0
TR01605,3
TR01606,6
TR01607,5
TR01608,4
TR01609,14
TR01610,17
TR01611,17
TR01612,0
TR01613,9
TR01614,13
TR01615,7
TR01616,1
TR01617,19
TR01618,2
TR01619,4
TR01620,13
TR01621,12
TR01622,6
TR01623,19
TR01624,17
TR01625,4
TR01626,16
TR01627,18
TR01628,19
TR01629,10
TR01630,19
TR01631,0
TR01632,3
TR01633,16
TR01634,14
TR01635,9
TR01636,18
TR01637,18
TR01638,13
TR01639,8
TR01640,7
TR01641,18
TR01642,2
TR01643,10
TR01644,1
TR01645,8
TR01646,4
TR01647,6
TR01648,18
TR01649,3
TR01650,14
TR01651,8
TR01652,0
TR01653,11
TR01654,5
TR01655,18
TR01656,7
TR01657,15
TR01658,2
TR01659,12
TR01660,10
TR01661,9
TR01662,1
TR01663,6
TR01664,12
TR01665,2
TR01666,16
TR01667,0
TR01668,12
TR01669,1
TR01670,9
TR01671,12
TR01672,6
TR01673,15
TR01674,3
TR01675,5
TR01676,2
TR01677,14
TR01678,9
TR01679,15
TR01680,4
TR01681,17
TR01682,9
TR01683,11
TR01684,3
TR01685,7
TR01686,12
TR01687,17
TR01688,11
TR01689,13
TR01690,11
TR01691,10
TR01692,2
TR01693,9
TR01694,1
TR01695,6
TR01696,17
TR01697,5
TR01698,7
TR01699,18
TR01700,17
TR01701,19
TR01702,18
TR01703,12
TR01704,16
TR01705,2
TR01706,18
TR01707,17
TR01708,13
TR01709,14
TR01710,2
TR01711,10
TR01712,12
TR01713,9
TR01714,19
TR01715,2
TR01716,0
TR01717,12
TR01718,8
TR01719,15
TR01720,15
TR01721,16
TR01722,2
TR01723,19
TR01724,5
TR01725,13
TR01726,6
TR01727,14
TR01728,9
TR01729,7
TR01730,10
TR01731,1
TR01732,6
TR01733,13
TR01734,5
TR01735,11
TR01736,5
TR01737,8
TR01738,19
TR01739,19
TR01740,10
TR01741,16
TR01742,5
TR01743,10
TR01744,8
TR01745,15
TR01746,10
TR01747,7
TR01748,10
TR01749,8
TR01750,11
TR01751,6
TR01752,1
TR01753,7
TR01754,16
TR01755,4
TR01756,14
TR01757,2
TR01758,16
TR01759,18
TR01760,12
TR01761,15
TR01762,7
TR01763,9
TR01764,16
TR01765,17
TR01766,14
TR01767,9
TR01768,11
TR01769,2
TR01770,19
TR01771,6
TR01772,13
TR01773,16
TR01774,18
TR01775,19
TR01776,1
TR01777,5
TR01778,9
TR01779,16
TR01780,3
TR01781,18
TR01782,19
TR01783,7
TR01784,4
TR01785,3
TR01786,14
TR01787,0
TR01788,9
TR01789,11
TR01790,10
TR01791,13
TR01792,17
TR01793,17
TR01794,4
TR01795,3
TR01796,15
TR01797,0
TR01798,2
TR01799,13
TR01800,8
TR01801,9
TR01802,16
TR01803,18
TR01804,7
TR01805,10
TR01806,2
TR01807,14
TR01808,6
TR01809,9
TR01810,2
TR01811,11
TR01812,8
TR01813,8
TR01814,1
TR01815,9
TR01816,5
TR01817,17
TR01818,2
TR01819,18
TR01820,19
TR01821,11
TR01822,4
TR01823,14
TR01824,8
TR01825,0
TR01826,11
TR01827,0
TR01828,4
TR01829,14
TR01830,19
TR01831,19
TR01832,10
TR01833,9
TR01834,11
TR01835,1
TR01836,19
TR01837,2
TR01838,18
TR01839,16
TR01840,3
TR01841,8
TR01842,10
TR01843,11
TR01844,12
TR01845,4
TR01846,14
TR01847,0
TR01848,11
TR01849,15
TR01850,9
TR01851,9
TR01852,10
TR01853,8
TR01854,13
TR01855,1
TR01856,7
TR01857,12
TR01858,3
TR01859,13
TR01860,15
TR01861,15
TR01862,7
TR01863,11
TR01864,5
TR01865,6
TR01866,13
TR01867,19
TR01868,11
TR01869,14
TR01870,16
TR01871,8
TR01872,1
TR01873,0
TR01874,13
TR01875,13
TR01876,0
TR01877,5
TR01878,7
TR01879,5
TR01880,4
TR01881,13
TR01882,14
TR01883,19
TR01884,4
TR01885,7
TR01886,8
TR01887,15
TR01888,8
TR01889,9
TR01890,17
TR01891,8
TR01892,3
TR01893,12
TR01894,0
TR01895,18
TR01896,16
TR01897,6
TR01898,12
TR01899,2
TR01900,9
TR01901,16
TR01902,15
TR01903,0
TR01904,11
TR01905,15
TR01906,11
TR01907,7
TR01908,15
TR01909,7
TR01910,0
TR01911,5
TR01912,16
TR01913,5
TR01914,18
TR01915,13
TR01916,7
TR01917,5
TR01918,0
TR01919,3
TR01920,9
TR01921,1
TR01922,12
TR01923,14
TR01924,18
TR01925,17
TR01926,7
TR01927,19
TR01928,18
TR01929,8
TR01930,15
TR01931,8
TR01932,0
TR01933,12
TR01934,19
TR01935,7
TR01936,12
TR01937,1
TR01938,1
TR01939,15
TR01940,16
TR01941,15
TR01942,9
TR01943,17
TR01944,15
TR01945,13
TR01946,7
TR01947,13
TR01948,18
TR01949,7
TR01950,18
TR01951,7
TR01952,14
TR01953,10
TR01954,19
TR01955,3
TR01956,0
TR01957,6
TR01958,18
TR01959,14
TR01960,8
TR01961,6
TR01962,5
TR01963,5
TR01964,19
TR01965,15
TR01966,0
TR01967,9
TR01968,3
TR01969,3
TR01970,7
TR01971,19
TR01972,12
TR01973,18
TR01974,15
TR01975,3
TR01976,16
TR01977,18
TR01978,9
TR01979,18
TR01980,10
TR01981,4
TR01982,17
TR01983,15
TR01984,6
TR01985,8
TR01986,2
TR01987,12
TR01988,19
TR01989,7
TR01990,0
TR01991,14
TR01992,19
TR01993,5
TR01994,9
TR01995,6
TR01996,18
TR01997,3
TR01998,18
TR01999,13
TR02000,15
TR02001,2
TR02002,2
TR02003,13
TR02004,15
TR02005,19
TR02006,14
TR02007,14
TR02008,10
TR02009,2
TR02010,16
TR02011,8
TR02012,11
TR02013,1
TR02014,5
TR02015,14
TR02016,9
TR02017,8
TR02018,0
TR02019,12
TR02020,4
TR02021,5
TR02022,14
TR02023,11
TR02024,6
TR02025,6
TR02026,16
TR02027,17
TR02028,15
TR02029,7
TR02030,1
TR02031,0
TR02032,11
TR02033,4
TR02034,19
TR02035,15
TR02036,5
TR02037,3
TR02038,13
TR02039,12
TR02040,12
TR02041,16
TR02042,15
TR02043,4
TR02044,10
TR02045,1
TR02046,15
TR02047,1
TR02048,3
TR02049,11
TR02050,8
TR02051,11
TR02052,16
TR02053,17
TR02054,10
TR02055,6
TR02056,17
TR02057,0
TR02058,11
TR02059,7
TR02060,5
TR02061,2
TR02062,3
TR02063,17
TR02064,17
TR02065,14
TR02066,6
TR02067,5
TR02068,6
TR02069,12
TR02070,12
TR02071,15
TR02072,3
TR02073,2
TR02074,6
TR02075,10
TR02076,1
TR02077,3
TR02078,15
TR02079,15
TR02080,11
TR02081,0
TR02082,17
TR02083,3
TR02084,1
TR02085,8
TR02086,7
TR02087,19
TR02088,16
TR02089,17
TR02090,3
TR02091,16
TR02092,1
TR02093,12
TR02094,12
TR02095,14
TR02096,3
TR02097,2
TR02098,18
TR02099,3
TR02100,6
TR02101,12
TR02102,17
TR02103,17
TR02104,5
TR02105,7
TR02106,9
TR02107,2
TR02108,8
TR02109,2
TR02110,19
TR02111,16
TR02112,8
TR02113,3
TR02114,7
TR02115,15
TR02116,10
TR02117,6
TR02118,4
TR02119,7
TR02120,4
TR02121,12
TR02122,11
TR02123,15
TR02124,11
TR02125,2
TR02126,17
TR02127,11
TR02128,9
TR02129,1
TR02130,17
TR02131,1
TR02132,1
TR02133,2
TR02134,5
TR02135,1
TR02136,15
TR02137,6
TR02138,6
TR02139,16
TR02140,14
TR02141,5
TR02142,6
TR02143,8
TR02144,5
TR02145,10
TR02146,9
TR02147,4
TR02148,12
TR02149,15
TR02150,15
TR02151,19
TR02152,15
TR02153,12
TR02154,3
TR02155,8
TR02156,15
TR02157,1
TR02158,13
TR02159,9
TR02160,6
TR02161,17
TR02162,3
TR02163,8
TR02164,14
TR02165,9
TR02166,15
TR02167,8
TR02168,12
TR02169,16
TR02170,9
TR02171,1
TR02172,10
TR02173,3
TR02174,3
TR02175,19
TR02176,5
TR02177,19
TR02178,8
TR02179,17
TR02180,15
TR02181,12
TR02182,6
TR02183,17
TR02184,1
TR02185,11
TR02186,11
TR02187,18
TR02188,16
TR02189,11
TR02190,17
TR02191,16
TR02192,3
TR02193,5
TR02194,6
TR02195,11
TR02196,18
TR02197,16
TR02198,5
TR02199,15
TR02200,19
TR02201,10
TR02202,13
TR02203,16
TR02204,1
TR02205,2
TR02206,13
TR02207,11
TR02208,2
TR02209,13
TR02210,3
TR02211,6
TR02212,12
TR02213,6
TR02214,1
TR02215,4
TR02216,0
TR02217,12
TR02218,16
TR02219,1
TR02220,4
TR02221,12
TR02222,19
TR02223,17
TR02224,16
TR02225,15
TR02226,4
TR02227,0
TR02228,17
TR02229,11
TR02230,0
TR02231,0
TR02232,11
TR02233,9
TR02234,4
TR02235,9
TR02236,8
TR02237,19
TR02238,1
TR02239,11
TR02240,0
TR02241,11
TR02242,16
TR02243,5
TR02244,3
TR02245,1
TR02246,15
TR02247,1
TR02248,17
TR02249,8
TR02250,3
TR02251,17
TR02252,13
TR02253,14
TR02254,11
TR02255,5
TR02256,19
TR02257,19
TR02258,8
TR02259,14
TR02260,0
TR02261,1
TR02262,2
TR02263,12
TR02264,0
TR02265,0
TR02266,17
TR02267,19
TR02268,7
TR02269,6
TR02270,16
TR02271,0
TR02272,7
TR02273,3
TR02274,1
TR02275,16
TR02276,6
TR02277,7
TR02278,0
TR02279,8
TR02280,14
TR02281,7
TR02282,9
TR02283,16
TR02284,14
TR02285,12
TR02286,11
TR02287,14
TR02288,1
TR02289,13
TR02290,18
TR02291,2
TR02292,1
TR02293,7
TR02294,12
TR02295,13
TR02296,8
TR02297,1
TR02298,13
TR02299,14
TR02300,18
TR02301,0
TR02302,16
TR02303,12
TR02304,9
TR02305,8
TR02306,1
TR02307,8
TR02308,11
TR02309,10
TR02310,7
TR02311,4
TR02312,2
TR02313,8
TR02314,0
TR02315,7
TR02316,8
TR02317,12
TR02318,11
TR02319,1
TR02320,19
TR02321,13
TR02322,8
TR02323,10
TR02324,10
TR02325,16
TR02326,13
TR02327,4
TR02328,14
TR02329,8
TR02330,1
TR02331,12
TR02332,13
TR02333,15
TR02334,9
TR02335,6
TR02336,0
TR02337,0
TR02338,18
TR02339,6
TR02340,2
TR02341,7
TR02342,14
TR02343,10
TR02344,10
TR02345,10
TR02346,10
TR02347,0
TR02348,16
TR02349,13
TR02350,10
TR02351,9
TR02352,4
TR02353,5
TR02354,5
TR02355,12
TR02356,4
TR02357,14
TR02358,17
TR02359,17
TR02360,19
TR02361,2
TR02362,9
TR02363,8
TR02364,1
TR02365,12
TR02366,3
TR02367,10
TR02368,3
TR02369,6
TR02370,12
TR02371,13
TR02372,7
TR02373,16
TR02374,2
TR02375,1
TR02376,16
TR02377,4
TR02378,3
TR02379,1
TR02380,8
TR02381,15
TR02382,4
TR02383,7
TR02384,0
TR02385,1
TR02386,10
TR02387,15
TR02388,11
TR02389,6
TR02390,16
TR02391,6
TR02392,18
TR02393,19
TR02394,7
TR02395,5
TR02396,11
TR02397,8
TR02398,6
TR02399,9
TR02400,10
TR02401,6
TR02402,3
TR02403,10
TR02404,8
TR02405,5
TR02406,0
TR02407,7
TR02408,14
TR02409,6
TR02410,11
TR02411,12
TR02412,1
TR02413,9
TR02414,3
TR02415,14
TR02416,1
TR02417,0
TR02418,2
TR02419,18
TR02420,8
TR02421,10
TR02422,15
TR02423,15
TR02424,6
TR02425,11
TR02426,12
TR02427,7
TR02428,13
TR02429,18
TR02430,17
TR02431,10
TR02432,10
TR02433,18
TR02434,3
TR02435,19
TR02436,7
TR02437,11
TR02438,5
TR02439,12
TR02440,4
TR02441,11
TR02442,15
TR02443,2
TR02444,8
TR02445,6
TR02446,9
TR02447,2
TR02448,12
TR02449,19
TR02450,6
TR02451,0
TR02452,0
TR02453,15
TR02454,1
TR02455,7
TR02456,19
TR02457,8
TR02458,15
TR02459,16
TR02460,3
TR02461,6
TR02462,17
TR02463,16
TR02464,18
TR02465,8
TR02466,0
TR02467,12
TR02468,1
TR02469,17
TR02470,13
TR02471,18
TR02472,2
TR02473,9
TR02474,1
TR02475,6
TR02476,7
TR02477,2
TR02478,4
TR02479,4
TR02480,8
TR02481,10
TR02482,14
TR02483,2
TR02484,13
TR02485,1
TR02486,9
TR02487,17
TR02488,19
TR02489,7
TR02490,13
TR02491,13
TR02492,0
TR02493,15
TR02494,3
TR02495,3
TR02496,10
TR02497,6
TR02498,13
TR02499,19
TR02500,5
TR02501,2
TR02502,17
TR02503,14
TR02504,17
TR02505,5
TR02506,18
TR02507,19
TR02508,18
TR02509,11
TR02510,1
TR02511,12
TR02512,17
TR02513,2
TR02514,5
TR02515,3
TR02516,19
TR02517,6
TR02518,16
TR02519,17
TR02520,11
TR02521,14
TR02522,18
TR02523,1
TR02524,11
TR02525,11
TR02526,6
TR02527,8
TR02528,2
TR02529,8
TR02530,5
TR02531,14
TR02532,2
TR02533,4
TR02534,3
TR02535,3
TR02536,13
TR02537,14
TR02538,17
TR02539,6
TR02540,12
TR02541,7
TR02542,9
TR02543,18
TR02544,8
TR02545,3
TR02546,18
TR02547,12
TR02548,5
TR02549,1
TR02550,12
TR02551,2
TR02552,5
TR02553,14
TR02554,3
TR02555,15
TR02556,13
TR02557,8
TR02558,7
TR02559,19
TR02560,7
TR02561,3
TR02562,14
TR02563,1
TR02564,2
TR02565,16
TR02566,16
TR02567,0
TR02568,6
TR02569,10
TR02570,10
TR02571,9
TR02572,12
TR02573,1
TR02574,13
TR02575,1
TR02576,4
TR02577,13
TR02578,7
TR02579,17
TR02580,18
TR02581,18
TR02582,7
TR02583,4
TR02584,6
TR02585,10
TR02586,14
TR02587,3
TR02588,3
TR02589,2
TR02590,0
TR02591,9
TR02592,8
TR02593,18
TR02594,12
TR02595,3
TR02596,14
TR02597,8
TR02598,13
TR02599,4
TR02600,19
TR02601,2
TR02602,18
TR02603,13
TR02604,17
TR02605,10
TR02606,13
TR02607,3
TR02608,16
TR02609,16
TR02610,1
TR02611,17
TR02612,9
TR02613,0
TR02614,8
TR02615,3
TR02616,6
TR02617,11
TR02618,15
TR02619,15
TR02620,12
TR02621,1
TR02622,0
TR02623,3
TR02624,4
TR02625,8
TR02626,4
TR02627,6
TR02628,4
TR02629,4
TR02630,14
TR02631,0
TR02632,0
TR02633,5
TR02634,15
TR02635,16
TR02636,18
TR02637,8
TR02638,11
TR02639,8
TR02640,16
TR02641,6
TR02642,14
TR02643,7
TR02644,6
TR02645,9
TR02646,9
TR02647,16
TR02648,2
TR02649,5
TR02650,11
TR02651,18
TR02652,12
TR02653,13
TR02654,19
TR02655,6
TR02656,2
TR02657,18
TR02658,5
TR02659,2
TR02660,7
TR02661,4
TR02662,0
TR02663,9
TR02664,17
TR02665,12
TR02666,1
TR02667,13
TR02668,19
TR02669,5
TR02670,0
TR02671,4
TR02672,18
TR02673,3
TR02674,17
TR02675,5
TR02676,2
TR02677,15
TR02678,10
TR02679,14
TR02680,1
TR02681,8
TR02682,4
TR02683,1
TR02684,2
TR02685,18
TR02686,8
TR02687,4
TR02688,11
TR02689,18
TR02690,15
TR02691,15
TR02692,8
TR02693,15
TR02694,6
TR02695,6
TR02696,6
TR02697,15
TR02698,1
TR02699,2
TR02700,1
TR02701,8
TR02702,16
TR02703,7
TR02704,9
TR02705,6
TR02706,12
TR02707,16
TR02708,14
TR02709,5
TR02710,10
TR02711,16
TR02712,10
TR02713,5
TR02714,12
TR02715,1
TR02716,6
TR02717,7
TR02718,8
TR02719,15
TR02720,19
TR02721,3
TR02722,11
TR02723,18
TR02724,19
TR02725,16
TR02726,12
TR02727,11
TR02728,11
TR02729,1
TR02730,5
TR02731,15
TR02732,2
TR02733,10
TR02734,19
TR02735,14
TR02736,16
TR02737,1
TR02738,10
TR02739,13
TR02740,11
TR02741,4
TR02742,9
TR02743,18
TR02744,4
TR02745,3
TR02746,9
TR02747,0
TR02748,19
TR02749,17
TR02750,1
TR02751,11
TR02752,14
TR02753,0
TR02754,7
TR02755,15
TR02756,15
TR02757,18
TR02758,16
TR02759,7
TR02760,1
TR02761,7
TR02762,17
TR02763,4
TR02764,11
TR02765,0
TR02766,1
TR02767,15
TR02768,7
TR02769,3
TR02770,1
TR02771,16
TR02772,8
TR02773,14
TR02774,7
TR02775,5
TR02776,19
TR02777,10
TR02778,12
TR02779,2
TR02780,7
TR02781,3
TR02782,12
TR02783,1
TR02784,16
TR02785,17
TR02786,5
TR02787,10
TR02788,6
TR02789,16
TR02790,15
TR02791,9
TR02792,12
TR02793,6
TR02794,2
TR02795,16
TR02796,6
TR02797,11
TR02798,18
TR02799,13
TR02800,13
TR02801,8
TR02802,18
TR02803,2
TR02804,1
TR02805,11
TR02806,11
TR02807,12
TR02808,0
TR02809,10
TR02810,5
TR02811,11
TR02812,3
TR02813,5
TR02814,12
TR02815,9
TR02816,15
TR02817,15
TR02818,9
TR02819,17
TR02820,16
TR02821,17
TR02822,8
TR02823,17
TR02824,17
TR02825,5
TR02826,1
TR02827,3
TR02828,15
TR02829,14
TR02830,1
TR02831,7
TR02832,1
TR02833,18
TR02834,14
TR02835,17
TR02836,19
TR02837,16
TR02838,7
TR02839,18
TR02840,4
TR02841,16
TR02842,10
TR02843,9
TR02844,4
TR02845,2
TR02846,2
TR02847,14
TR02848,3
TR02849,11
TR02850,10
TR02851,11
TR02852,2
TR02853,19
TR02854,3
TR02855,5
TR02856,13
TR02857,16
TR02858,12
TR02859,4
TR02860,9
TR02861,10
TR02862,4
TR02863,15
TR02864,2
TR02865,18
TR02866,9
TR02867,9
TR02868,15
TR02869,0
TR02870,10
TR02871,17
TR02872,7
TR02873,9
TR02874,6
TR02875,9
TR02876,4
TR02877,2
TR02878,8
TR02879,11
TR02880,12
TR02881,14
TR02882,7
TR02883,4
TR02884,8
TR02885,11
TR02886,8
TR02887,5
TR02888,17
TR02889,18
TR02890,2
TR02891,9
TR02892,4
TR02893,9
TR02894,9
TR02895,2
TR02896,8
TR02897,8
TR02898,18
TR02899,17
TR02900,19
TR02901,11
TR02902,12
TR02903,16
TR02904,15
TR02905,4
TR02906,14
TR02907,7
TR02908,5
TR02909,19
TR02910,13
TR02911,3
TR02912,6
TR02913,12
TR02914,7
TR02915,7
TR02916,2
TR02917,15
TR02918,5
TR02919,3
TR02920,17
TR02921,13
TR02922,13
TR02923,9
TR02924,8
TR02925,10
TR02926,12
TR02927,10
TR02928,1
TR02929,10
TR02930,12
TR02931,1
TR02932,4
TR02933,13
TR02934,5
TR02935,3
TR02936,3
TR02937,2
TR02938,0
TR02939,13
TR02940,16
TR02941,6
TR02942,5
TR02943,17
TR02944,17
TR02945,18
TR02946,9
TR02947,2
TR02948,6
TR02949,5
TR02950,12
TR02951,6
TR02952,3
TR02953,17
TR02954,13
TR02955,11
TR02956,19
TR02957,4
TR02958,10
TR02959,11
TR02960,11
TR02961,6
TR02962,15
TR02963,7
TR02964,5
TR02965,8
TR02966,4
TR02967,17
TR02968,17
TR02969,18
TR02970,8
TR02971,0
TR02972,8
TR02973,0
TR02974,4
TR02975,14
TR02976,18
TR02977,8
TR02978,16
TR02979,3
TR02980,11
TR02981,0
TR02982,13
TR02983,13
TR02984,3
TR02985,8
TR02986,12
TR02987,1
TR02988,15
TR02989,11
TR02990,19
TR02991,17
TR02992,16
TR02993,11
TR02994,3
TR02995,10
TR02996,2
TR02997,6
TR02998,2
TR02999,4
TR03000,10
TR03001,13
TR03002,17
TR03003,13
TR03004,15
TR03005,9
TR03006,4
TR03007,9
TR03008,3
TR03009,7
TR03010,11
TR03011,15
TR03012,13
TR03013,10
TR03014,14
TR03015,6
TR03016,17
TR03017,0
TR03018,12
TR03019,2
TR03020,14
TR03021,13
TR03022,9
TR03023,1
TR03024,0
TR03025,5
TR03026,16
TR03027,15
TR03028,9
TR03029,9
TR03030,3
TR03031,19
TR03032,13
TR03033,3
TR03034,14
TR03035,9
TR03036,6
TR03037,4
TR03038,17
TR03039,8
TR03040,11
TR03041,17
TR03042,14
TR03043,1
TR03044,2
TR03045,16
TR03046,7
TR03047,15
TR03048,2
TR03049,5
TR03050,12
TR03051,2
TR03052,17
TR03053,16
TR03054,17
TR03055,15
TR03056,6
TR03057,10
TR03058,2
TR03059,9
TR03060,12
TR03061,19
TR03062,10
TR03063,13
TR03064,12
TR03065,11
TR03066,1
TR03067,12
TR03068,16
TR03069,18
TR03070,13
TR03071,18
TR03072,10
TR03073,6
TR03074,3
TR03075,13
TR03076,2
TR03077,15
TR03078,9
TR03079,15
TR03080,5
TR03081,9
TR03082,17
TR03083,16
TR03084,1
TR03085,10
TR03086,10
TR03087,13
TR03088,6
TR03089,9
TR03090,9
TR03091,10
TR03092,13
TR03093,12
TR03094,18
TR03095,11
TR03096,3
TR03097,12
TR03098,7
TR03099,6
TR03100,1
TR03101,15
TR03102,7
TR03103,18
TR03104,5
TR03105,1
TR03106,4
TR03107,18
TR03108,10
TR03109,6
TR03110,18
TR03111,8
TR03112,4
TR03113,10
TR03114,7
TR03115,0
TR03116,3
TR03117,19
TR03118,10
TR03119,2
TR03120,5
TR03121,12
TR03122,15
TR03123,13
TR03124,10
TR03125,6
TR03126,13
TR03127,17
TR03128,3
TR03129,18
TR03130,16
TR03131,10
TR03132,3
TR03133,17
TR03134,16
TR03135,4
TR03136,15
TR03137,8
TR03138,10
TR03139,4
TR03140,12
TR03141,7
TR03142,2
TR03143,3
TR03144,13
TR03145,10
TR03146,5
TR03147,18
TR03148,7
TR03149,6
TR03150,2
TR03151,1
TR03152,0
TR03153,0
TR03154,19
TR03155,13
TR03156,13
TR03157,8
TR03158,10
TR03159,8
TR03160,9
TR03161,2
TR03162,7
TR03163,17
TR03164,3
TR03165,8
TR03166,6
TR03167,13
TR03168,13
TR03169,8
TR03170,9
TR03171,6
TR03172,14
TR03173,11
TR03174,16
TR03175,4
TR03176,4
TR03177,12
TR03178,16
TR03179,18
TR03180,8
TR03181,7
TR03182,13
TR03183,4
TR03184,1
TR03185,1
TR03186,2
TR03187,10
TR03188,9
TR03189,10
TR03190,14
TR03191,2
TR03192,11
TR03193,15
TR03194,6
TR03195,6
TR03196,10
TR03197,13
TR03198,15
TR03199,1
TR03200,1
TR03201,6
TR03202,17
TR03203,13
TR03204,14
TR03205,8
TR03206,11
TR03207,7
TR03208,6
TR03209,17
TR03210,14
TR03211,12
TR03212,17
TR03213,17
TR03214,9
TR03215,7
TR03216,14
TR03217,5
TR03218,3
TR03219,10
TR03220,15
TR03221,16
TR03222,5
TR03223,14
TR03224,13
TR03225,18
TR03226,9
TR03227,18
TR03228,16
TR03229,10
TR03230,5
TR03231,14
TR03232,6
TR03233,5
TR03234,9
TR03235,16
TR03236,0
TR03237,8
TR03238,14
TR03239,17
TR03240,9
TR03241,7
TR03242,0
TR03243,6
TR03244,3
TR03245,0
TR03246,19
TR03247,3
TR03248,0
TR03249,11
TR03250,5
TR03251,15
TR03252,17
TR03253,10
TR03254,10
TR03255,7
TR03256,0
TR03257,16
TR03258,10
TR03259,5
TR03260,13
TR03261,12
TR03262,2
TR03263,4
TR03264,5
TR03265,11
TR03266,7
TR03267,6
TR03268,16
TR03269,3
TR03270,14
TR03271,13
TR03272,5
TR03273,3
TR03274,6
TR03275,5
TR03276,18
TR03277,4
TR03278,4
TR03279,14
TR03280,1
TR03281,10
TR03282,8
TR03283,17
TR03284,19
TR03285,8
TR03286,4
TR03287,18
TR03288,8
TR03289,2
TR03290,2
TR03291,0
TR03292,1
TR03293,14
TR03294,5
TR03295,15
TR03296,7
TR03297,10
TR03298,15
TR03299,8
TR03300,9
TR03301,19
TR03302,10
TR03303,17
TR03304,8
TR03305,11
TR03306,7
TR03307,15
TR03308,2
TR03309,8
TR03310,18
TR03311,9
TR03312,9
TR03313,1
TR03314,3
TR03315,5
TR03316,7
TR03317,14
TR03318,10
TR03319,1
TR03320,18
TR03321,19
TR03322,17
TR03323,6
TR03324,5
TR03325,17
TR03326,14
TR03327,14
TR03328,12
TR03329,16
TR03330,0
TR03331,13
TR03332,13
TR03333,18
TR03334,5
TR03335,11
TR03336,12
TR03337,15
TR03338,4
TR03339,0
TR03340,2
TR03341,2
TR03342,4
TR03343,16
TR03344,8
TR03345,6
TR03346,11
TR03347,16
TR03348,18
TR03349,0
TR03350,18
TR03351,14
TR03352,1
TR03353,11
TR03354,15
TR03355,11
TR03356,9
TR03357,6
TR03358,11
TR03359,8
TR03360,16
TR03361,16
TR03362,2
TR03363,17
TR03364,5
TR03365,6
TR03366,19
TR03367,19
TR03368,9
TR03369,1
TR03370,4
TR03371,2
TR03372,2
TR03373,14
TR03374,17
TR03375,12
TR03376,13
TR03377,11
TR03378,1
TR03379,5
TR03380,3
TR03381,15
TR03382,7
TR03383,11
TR03384,4
TR03385,7
TR03386,8
TR03387,0
TR03388,7
TR03389,16
TR03390,18
TR03391,15
TR03392,12
TR03393,11
TR03394,12
TR03395,14
TR03396,3
TR03397,14
TR03398,13
TR03399,19
TR03400,10
TR03401,12
TR03402,14
TR03403,8
TR03404,18
TR03405,1
TR03406,16
TR03407,19
TR03408,14
TR03409,11
TR03410,13
TR03411,0
TR03412,15
TR03413,2
TR03414,14
TR03415,1
TR03416,4
TR03417,9
TR03418,0
TR03419,11
TR03420,13
TR03421,10
TR03422,14
TR03423,7
TR03424,10
TR03425,0
TR03426,14
TR03427,14
TR03428,5
TR03429,9
TR03430,8
TR03431,18
TR03432,19
TR03433,0
TR03434,2
TR03435,13
TR03436,11
TR03437,4
TR03438,13
TR03439,14
TR03440,12
TR03441,15
TR03442,5
TR03443,14
TR03444,16
TR03445,2
TR03446,15
TR03447,3
TR03448,7
TR03449,13
TR03450,5
TR03451,1
TR03452,1
TR03453,11
TR03454,10
TR03455,7
TR03456,12
TR03457,13
TR03458,18
TR03459,7
TR03460,0
TR03461,2
TR03462,11
TR03463,8
TR03464,18
TR03465,6
TR03466,17
TR03467,6
TR03468,2
TR03469,17
TR03470,3
TR03471,19
TR03472,12
TR03473,5
TR03474,15
TR03475,12
TR03476,18
TR03477,3
TR03478,11
TR03479,13
TR03480,9
TR03481,14
TR03482,0
TR03483,3
TR03484,10
TR03485,18
TR03486,0
TR03487,10
TR03488,0
TR03489,15
TR03490,2
TR03491,2
TR03492,19
TR03493,3
TR03494,6
TR03495,13
TR03496,13
TR03497,3
TR03498,1
TR03499,15
TR03500,19
TR03501,2
TR03502,14
TR03503,5
TR03504,3
TR03505,8
TR03506,5
TR03507,17
TR03508,12
TR03509,14
TR03510,16
TR03511,18
TR03512,9
TR03513,18
TR03514,10
TR03515,12
TR03516,5
TR03517,17
TR03518,11
TR03519,16
TR03520,16
TR03521,15
TR03522,3
TR03523,15
TR03524,3
TR03525,13
TR03526,16
TR03527,6
TR03528,18
TR03529,3
TR03530,6
TR03531,17
TR03532,9
TR03533,0
TR03534,11
TR03535,0
TR03536,9
TR03537,19
TR03538,18
TR03539,3
TR03540,11
TR03541,3
TR03542,12
TR03543,6
TR03544,17
TR03545,0
TR03546,14
TR03547,7
TR03548,17
TR03549,0
TR03550,2
TR03551,11
TR03552,4
TR03553,16
TR03554,18
TR03555,5
TR03556,9
TR03557,12
TR03558,0
TR03559,17
TR03560,10
TR03561,2
TR03562,19
TR03563,16
TR03564,13
TR03565,1
TR03566,1
TR03567,1
TR03568,6
TR03569,10
TR03570,15
TR03571,3
TR03572,11
TR03573,19
TR03574,5
TR03575,8
TR03576,5
TR03577,6
TR03578,0
TR03579,15
TR03580,0
TR03581,18
TR03582,10
TR03583,0
TR03584,12
TR03585,12
TR03586,16
TR03587,15
TR03588,12
TR03589,1
TR03590,17
TR03591,18
TR03592,17
TR03593,5
TR03594,6
TR03595,10
TR03596,15
TR03597,1
TR03598,17
TR03599,3
TR03600,10
TR03601,1
TR03602,16
TR03603,19
TR03604,17
TR03605,3
TR03606,9
TR03607,3
TR03608,10
TR03609,9
TR03610,14
TR03611,0
TR03612,6
TR03613,0
TR03614,19
TR03615,5
TR03616,13
TR03617,9
TR03618,4
TR03619,14
TR03620,19
TR03621,17
TR03622,12
TR03623,19
TR03624,0
TR03625,8
TR03626,6
TR03627,19
TR03628,4
TR03629,18
TR03630,7
TR03631,10
TR03632,1
TR03633,12
TR03634,18
TR03635,18
TR03636,6
TR03637,19
TR03638,0
TR03639,3
TR03640,13
TR03641,1
TR03642,5
TR03643,4
TR03644,18
TR03645,17
TR03646,11
TR03647,12
TR03648,6
TR03649,8
TR03650,12
TR03651,19
TR03652,4
TR03653,19
TR03654,17
TR03655,4
TR03656,19
TR03657,0
TR03658,15
TR03659,0
TR03660,12
TR03661,6
TR03662,6
TR03663,10
TR03664,10
TR03665,10
TR03666,13
TR03667,8
TR03668,1
TR03669,17
TR03670,11
TR03671,18
TR03672,9
TR03673,5
TR03674,16
TR03675,16
TR03676,10
TR03677,15
TR03678,8
TR03679,1
TR03680,6
TR03681,4
TR03682,17
TR03683,3
TR03684,11
TR03685,13
TR03686,5
TR03687,17
TR03688,12
TR03689,7
TR03690,10
TR03691,17
TR03692,16
TR03693,5
TR03694,9
TR03695,17
TR03696,13
TR03697,17
TR03698,16
TR03699,16
TR03700,11
TR03701,5
TR03702,16
TR03703,14
TR03704,16
TR03705,2
TR03706,4
TR03707,15
TR03708,10
TR03709,14
TR03710,16
TR03711,13
TR03712,2
TR03713,8
TR03714,11
TR03715,2
TR03716,19
TR03717,18
TR03718,2
TR03719,9
TR03720,6
TR03721,3
TR03722,3
TR03723,12
TR03724,11
TR03725,2
TR03726,4
TR03727,17
TR03728,1
TR03729,19
TR03730,16
TR03731,17
TR03732,4
TR03733,12
TR03734,9
TR03735,7
TR03736,11
TR03737,0
TR03738,14
TR03739,11
TR03740,18
TR03741,3
TR03742,9
TR03743,15
TR03744,6
TR03745,4
TR03746,4
TR03747,7
TR03748,17
TR03749,3
TR03750,2
TR03751,14
TR03752,7
TR03753,16
TR03754,19
TR03755,4
TR03756,19
TR03757,9
TR03758,2
TR03759,4
TR03760,15
TR03761,16
TR03762,15
TR03763,19
TR03764,12
TR03765,6
TR03766,3
TR03767,10
TR03768,4
TR03769,12
TR03770,11
TR03771,1
TR03772,14
TR03773,17
TR03774,14
TR03775,19
TR03776,10
TR03777,16
TR03778,5
TR03779,3
TR03780,19
TR03781,7
TR03782,8
TR03783,14
TR03784,8
TR03785,17
TR03786,3
TR03787,19
TR03788,5
TR03789,7
TR03790,13
TR03791,17
TR03792,4
TR03793,5
TR03794,7
TR03795,12
TR03796,1
TR03797,13
TR03798,10
TR03799,10
TR03800,6
TR03801,3
TR03802,10
TR03803,11
TR03804,9
TR03805,10
TR03806,0
TR03807,8
TR03808,9
TR03809,17
TR03810,8
TR03811,7
TR03812,4
TR03813,6
TR03814,0
TR03815,18
TR03816,13
TR03817,13
TR03818,9
TR03819,3
TR03820,15
TR03821,6
TR03822,17
TR03823,3
TR03824,10
TR03825,18
TR03826,9
TR03827,6
TR03828,3
TR03829,16
TR03830,7
TR03831,14
TR03832,9
TR03833,13
TR03834,17
TR03835,3
TR03836,4
TR03837,0
TR03838,13
TR03839,0
TR03840,16
TR03841,0
TR03842,0
TR03843,7
TR03844,14
TR03845,10
TR03846,16
TR03847,4
TR03848,4
TR03849,2
TR03850,0
TR03851,14
TR03852,0
TR03853,8
TR03854,4
TR03855,13
TR03856,4
TR03857,16
TR03858,5
TR03859,15
TR03860,1
TR03861,8
TR03862,0
TR03863,14
TR03864,0
TR03865,6
TR03866,16
TR03867,13
TR03868,6
TR03869,4
TR03870,8
TR03871,13
TR03872,1
TR03873,2
TR03874,11
TR03875,16
TR03876,9
TR03877,5
TR03878,10
TR03879,13
TR03880,3
TR03881,17
TR03882,7
TR03883,8
TR03884,13
TR03885,8
TR03886,2
TR03887,8
TR03888,10
TR03889,1
TR03890,5
TR03891,8
TR03892,4
TR03893,10
TR03894,4
TR03895,8
TR03896,8
TR03897,12
TR03898,2
TR03899,17
TR03900,18
TR03901,5
TR03902,11
TR03903,17
TR03904,8
TR03905,14
TR03906,0
TR03907,5
TR03908,9
TR03909,3
TR03910,10
TR03911,13
TR03912,2
TR03913,9
TR03914,12
TR03915,12
TR03916,8
TR03917,2
TR03918,4
TR03919,16
TR03920,15
TR03921,11
TR03922,17
TR03923,15
TR03924,13
TR03925,13
TR03926,0
TR03927,3
TR03928,5
TR03929,1
TR03930,11
TR03931,3
TR03932,5
TR03933,19
TR03934,5
TR03935,3
TR03936,18
TR03937,18
TR03938,5
TR03939,16
TR03940,10
TR03941,9
TR03942,0
TR03943,14
TR03944,17
TR03945,8
TR03946,5
TR03947,17
TR03948,7
TR03949,10
TR03950,19
TR03951,8
TR03952,6
TR03953,7
TR03954,12
TR03955,3
TR03956,15
TR03957,15
TR03958,15
TR03959,2
TR03960,14
TR03961,2
TR03962,19
TR03963,5
TR03964,5
TR03965,18
TR03966,3
TR03967,3
TR03968,18
TR03969,13
TR03970,9
TR03971,1
TR03972,17
TR03973,4
TR03974,9
TR03975,13
TR03976,5
TR03977,2
TR03978,7
TR03979,7
TR03980,5
TR03981,1
TR03982,16
TR03983,10
TR03984,9
TR03985,15
TR03986,14
TR03987,1
TR03988,4
TR03989,8
TR03990,19
TR03991,19
TR03992,14
TR03993,16
TR03994,5
TR03995,4
TR03996,10
TR03997,15
TR03998,7
TR03999,11
TR04000,6
TR04001,2
TR04002,3
TR04003,7
TR04004,16
TR04005,5
TR04006,12
TR04007,10
TR04008,4
TR04009,4
TR04010,12
TR04011,13
TR04012,16
TR04013,1
TR04014,2
TR04015,3
TR04016,0
TR04017,15
TR04018,18
TR04019,10
TR04020,19
TR04021,9
TR04022,19
TR04023,12
TR04024,16
TR04025,0
TR04026,19
TR04027,1
TR04028,19
TR04029,2
TR04030,12
TR04031,12
TR04032,9
TR04033,10
TR04034,4
TR04035,17
TR04036,0
TR04037,2
TR04038,7
TR04039,1
TR04040,8
TR04041,17
TR04042,1
TR04043,6
TR04044,17
TR04045,14
TR04046,9
TR04047,11
TR04048,11
TR04049,13
TR04050,0
TR04051,19
TR04052,12
TR04053,17
TR04054,16
TR04055,6
TR04056,12
TR04057,9
TR04058,19
TR04059,11
TR04060,15
TR04061,14
TR04062,0
TR04063,16
TR04064,7
TR04065,15
TR04066,6
TR04067,7
TR04068,3
TR04069,15
TR04070,17
TR04071,19
TR04072,7
TR04073,1
TR04074,1
TR04075,10
TR04076,17
TR04077,7
TR04078,18
TR04079,16
TR04080,0
TR04081,4
TR04082,8
TR04083,4
TR04084,1
TR04085,1
TR04086,16
TR04087,12
TR04088,6
TR04089,0
TR04090,15
TR04091,13
TR04092,18
TR04093,18
TR04094,8
TR04095,8
TR04096,7
TR04097,10
TR04098,3
TR04099,8
TR04100,13
TR04101,16
TR04102,10
TR04103,10
TR04104,14
TR04105,2
TR04106,17
TR04107,0
TR04108,2
TR04109,15
TR04110,4
TR04111,1
TR04112,15
TR04113,4
TR04114,9
TR04115,13
TR04116,5
TR04117,10
TR04118,7
TR04119,1
TR04120,18
TR04121,12
TR04122,1
TR04123,14
TR04124,4
TR04125,0
TR04126,5
TR04127,6
TR04128,2
TR04129,2
TR04130,15
TR04131,15
TR04132,9
TR04133,17
TR04134,18
TR04135,2
TR04136,15
TR04137,7
TR04138,19
TR04139,5
TR04140,6
TR04141,9
TR04142,16
TR04143,18
TR04144,19
TR04145,8
TR04146,8
TR04147,11
TR04148,12
TR04149,10
TR04150,11
TR04151,17
TR04152,5
TR04153,10
TR04154,4
TR04155,2
TR04156,7
TR04157,12
TR04158,11
TR04159,6
TR04160,15
TR04161,8
TR04162,5
TR04163,2
TR04164,17
TR04165,2
TR04166,4
TR04167,16
TR04168,19
TR04169,16
TR04170,17
TR04171,4
TR04172,18
TR04173,14
TR04174,13
TR04175,3
TR04176,12
TR04177,5
TR04178,19
TR04179,4
TR04180,11
TR04181,7
TR04182,8
TR04183,4
TR04184,14
TR04185,13
TR04186,11
TR04187,6
TR04188,7
TR04189,0
TR04190,5
TR04191,2
TR04192,1
TR04193,10
TR04194,17
TR04195,13
TR04196,10
TR04197,15
TR04198,16
TR04199,2
TR04200,12
TR04201,17
TR04202,10
TR04203,13
TR04204,5
TR04205,7
TR04206,18
TR04207,8
TR04208,9
TR04209,17
TR04210,16
TR04211,0
TR04212,16
TR04213,4
TR04214,10
TR04215,15
TR04216,15
TR04217,3
TR04218,14
TR04219,15
TR04220,5
TR04221,19
TR04222,3
TR04223,19
TR04224,3
TR04225,0
TR04226,2
TR04227,1
TR04228,10
TR04229,10
TR04230,7
TR04231,10
TR04232,15
TR04233,2
TR04234,16
TR04235,3
TR04236,5
TR04237,3
TR04238,16
TR04239,8
TR04240,1
TR04241,17
TR04242,13
TR04243,6
TR04244,17
TR04245,19
TR04246,8
TR04247,17
TR04248,4
TR04249,0
TR04250,10
TR04251,3
TR04252,11
TR04253,4
TR04254,9
TR04255,10
TR04256,19
TR04257,14
TR04258,8
TR04259,12
TR04260,3
TR04261,7
TR04262,18
TR04263,4
TR04264,16
TR04265,3
TR04266,19
TR04267,18
TR04268,15
TR04269,13
TR04270,17
TR04271,10
TR04272,9
TR04273,4
TR04274,3
TR04275,18
TR04276,9
TR04277,11
TR04278,8
TR04279,17
TR04280,1
TR04281,19
TR04282,14
TR04283,15
TR04284,0
TR04285,8
TR04286,2
TR04287,13
TR04288,9
TR04289,0
TR04290,18
TR04291,8
TR04292,7
TR04293,14
TR04294,19
TR04295,0
TR04296,18
TR04297,10
TR04298,18
TR04299,18
TR04300,12
TR04301,19
TR04302,6
TR04303,19
TR04304,18
TR04305,18
TR04306,6
TR04307,15
TR04308,11
TR04309,1
TR04310,15
TR04311,3
TR04312,3
TR04313,10
TR04314,12
TR04315,18
TR04316,1
TR04317,2
TR04318,13
TR04319,19
TR04320,18
TR04321,9
TR04322,4
TR04323,7
TR04324,8
TR04325,15
TR04326,18
TR04327,10
TR04328,5
TR04329,1
TR04330,9
TR04331,10
TR04332,1
TR04333,4
TR04334,18
TR04335,19
TR04336,19
TR04337,2
TR04338,6
TR04339,15
TR04340,2
TR04341,0
TR04342,6
TR04343,4
TR04344,16
TR04345,17
TR04346,5
TR04347,5
TR04348,17
TR04349,15
TR04350,1
TR04351,19
TR04352,15
TR04353,10
TR04354,2
TR04355,0
TR04356,4
TR04357,9
TR04358,7
TR04359,15
TR04360,6
TR04361,11
TR04362,13
TR04363,3
TR04364,5
TR04365,3
TR04366,15
TR04367,4
TR04368,3
TR04369,6
TR04370,13
TR04371,13
TR04372,13
TR04373,3
TR04374,14
TR04375,10
TR04376,8
TR04377,18
TR04378,7
TR04379,0
TR04380,2
TR04381,11
TR04382,9
TR04383,2
TR04384,16
TR04385,9
TR04386,5
TR04387,19
TR04388,5
TR04389,14
TR04390,16
TR04391,19
TR04392,14
TR04393,2
TR04394,2
TR04395,3
TR04396,3
TR04397,11
TR04398,15
TR04399,12
TR04400,1
TR04401,12
TR04402,9
TR04403,3
TR04404,14
TR04405,14
TR04406,13
TR04407,8
TR04408,14
TR04409,11
TR04410,0
TR04411,18
TR04412,15
TR04413,6
TR04414,3
TR04415,17
TR04416,0
TR04417,11
TR04418,18
TR04419,6
TR04420,3
TR04421,1
TR04422,14
TR04423,11
TR04424,19
TR04425,16
TR04426,13
TR04427,7
TR04428,5
TR04429,16
TR04430,6
TR04431,4
TR04432,0
TR04433,7
TR04434,18
TR04435,6
TR04436,18
TR04437,5
TR04438,16
TR04439,7
TR04440,13
TR04441,8
TR04442,9
TR04443,18
TR04444,7
TR04445,2
TR04446,6
TR04447,7
TR04448,13
TR04449,2
TR04450,6
TR04451,13
TR04452,12
TR04453,6
TR04454,11
TR04455,0
TR04456,11
TR04457,3
TR04458,10
TR04459,18
TR04460,13
TR04461,17
TR04462,14
TR04463,3
TR04464,19
TR04465,3
TR04466,8
TR04467,3
TR04468,14
TR04469,6
TR04470,4
TR04471,2
TR04472,4
TR04473,4
TR04474,4
TR04475,11
TR04476,16
TR04477,2
TR04478,3
TR04479,18
TR04480,14
TR04481,12
TR04482,7
TR04483,13
TR04484,19
TR04485,14
TR04486,16
TR04487,4
TR04488,10
TR04489,5
TR04490,17
TR04491,13
TR04492,12
TR04493,10
TR04494,4
TR04495,17
TR04496,10
TR04497,6
TR04498,17
TR04499,1
TR04500,12
TR04501,4
TR04502,3
TR04503,5
TR04504,6
TR04505,17
TR04506,10
TR04507,15
TR04508,19
TR04509,4
TR04510,3
TR04511,0
TR04512,5
TR04513,5
TR04514,3
TR04515,6
TR04516,16
TR04517,0
TR04518,14
TR04519,0
TR04520,14
TR04521,15
TR04522,14
TR04523,8
TR04524,0
TR04525,0
TR04526,11
TR04527,0
TR04528,16
TR04529,15
TR04530,8
TR04531,13
TR04532,0
TR04533,3
TR04534,16
TR04535,4
TR04536,18
TR04537,13
TR04538,19
TR04539,0
TR04540,4
TR04541,7
TR04542,10
TR04543,9
TR04544,15
TR04545,6
TR04546,12
TR04547,16
TR04548,15
TR04549,12
TR04550,0
TR04551,9
TR04552,9
TR04553,0
TR04554,17
TR04555,11
TR04556,0
TR04557,8
TR04558,9
TR04559,2
TR04560,18
TR04561,3
TR04562,8
TR04563,1
TR04564,11
TR04565,18
TR04566,10
TR04567,14
TR04568,14
TR04569,12
TR04570,8
TR04571,16
TR04572,18
TR04573,17
TR04574,12
TR04575,1
TR04576,12
TR04577,5
TR04578,17
TR04579,6
TR04580,13
TR04581,3
TR04582,0
TR04583,16
TR04584,0
TR04585,8
TR04586,6
TR04587,10
TR04588,17
TR04589,11
TR04590,12
TR04591,1
TR04592,4
TR04593,6
TR04594,8
TR04595,1
TR04596,5
TR04597,13
TR04598,5
TR04599,6
TR04600,8
TR04601,17
TR04602,8
TR04603,7
TR04604,16
TR04605,19
TR04606,15
TR04607,5
TR04608,12
TR04609,0
TR04610,6
TR04611,4
TR04612,6
TR04613,5
TR04614,9
TR04615,16
TR04616,15
TR04617,14
TR04618,13
TR04619,10
TR04620,9
TR04621,7
TR04622,9
TR04623,18
TR04624,8
TR04625,12
TR04626,19
TR04627,12
TR04628,13
TR04629,6
TR04630,11
TR04631,11
TR04632,15
TR04633,13
TR04634,11
TR04635,13
TR04636,14
TR04637,8
TR04638,19
TR04639,7
TR04640,6
TR04641,3
TR04642,8
TR04643,14
TR04644,14
TR04645,7
TR04646,2
TR04647,18
TR04648,14
TR04649,6
TR04650,19
TR04651,8
TR04652,0
TR04653,16
TR04654,11
TR04655,19
TR04656,13
TR04657,0
TR04658,15
TR04659,7
TR04660,3
TR04661,16
TR04662,3
TR04663,7
TR04664,7
TR04665,19
TR04666,12
TR04667,2
TR04668,8
TR04669,4
TR04670,16
TR04671,5
TR04672,4
TR04673,9
TR04674,14
TR04675,3
TR04676,2
TR04677,18
TR04678,16
TR04679,4
TR04680,13
TR04681,17
TR04682,4
TR04683,19
TR04684,10
TR04685,10
TR04686,6
TR04687,13
TR04688,1
TR04689,9
TR04690,3
TR04691,5
TR04692,16
TR04693,12
TR04694,18
TR04695,16
TR04696,0
TR04697,19
TR04698,12
TR04699,11
TR04700,8
TR04701,8
TR04702,13
TR04703,2
TR04704,7
TR04705,7
TR04706,19
TR04707,5
TR04708,16
TR04709,3
TR04710,2
TR04711,17
TR04712,2
TR04713,10
TR04714,19
TR04715,10
TR04716,10
TR04717,5
TR04718,14
TR04719,19
TR04720,17
TR04721,0
TR04722,6
TR04723,0
TR04724,5
TR04725,9
TR04726,0
TR04727,3
TR04728,16
TR04729,2
TR04730,11
TR04731,18
TR04732,5
TR04733,11
TR04734,11
TR04735,7
TR04736,10
TR04737,2
TR04738,3
TR04739,14
TR04740,3
TR04741,5
TR04742,14
TR04743,14
TR04744,7
TR04745,6
TR04746,6
TR04747,19
TR04748,12
TR04749,12
TR04750,5
TR04751,19
TR04752,10
TR04753,11
TR04754,0
TR04755,0
TR04756,10
TR04757,17
TR04758,6
TR04759,0
TR04760,4
TR04761,4
TR04762,7
TR04763,7
TR04764,6
TR04765,8
TR04766,5
TR04767,0
TR04768,4
TR04769,11
TR04770,17
TR04771,13
TR04772,3
TR04773,18
TR04774,9
TR04775,7
TR04776,19
TR04777,10
TR04778,1
TR04779,12
TR04780,18
TR04781,5
TR04782,8
TR04783,14
TR04784,4
TR04785,12
TR04786,4
TR04787,12
TR04788,0
TR04789,16
TR04790,16
TR04791,13
TR04792,4
TR04793,11
TR04794,18
TR04795,14
TR04796,8
TR04797,3
TR04798,3
TR04799,8
TR04800,12
TR04801,12
TR04802,19
TR04803,12
TR04804,14
TR04805,0
TR04806,18
TR04807,8
TR04808,15
TR04809,18
TR04810,1
TR04811,15
TR04812,5
TR04813,10
TR04814,1
TR04815,7
TR04816,3
TR04817,7
TR04818,6
TR04819,11
TR04820,16
TR04821,12
TR04822,15
TR04823,2
TR04824,11
TR04825,17
TR04826,5
TR04827,6
TR04828,10
TR04829,18
TR04830,14
TR04831,13
TR04832,16
TR04833,9
TR04834,2
TR04835,4
TR04836,13
TR04837,10
TR04838,11
TR04839,13
TR04840,13
TR04841,6
TR04842,8
TR04843,9
TR04844,0
TR04845,6
TR04846,6
TR04847,3
TR04848,11
TR04849,3
TR04850,12
TR04851,3
TR04852,3
TR04853,5
TR04854,7
TR04855,16
TR04856,12
TR04857,6
TR04858,8
TR04859,17
TR04860,13
TR04861,14
TR04862,18
TR04863,12
TR04864,6
TR04865,9
TR04866,1
TR04867,14
TR04868,13
TR04869,19
TR04870,6
TR04871,18
TR04872,11
TR04873,4
TR04874,3
TR04875,16
TR04876,13
TR04877,14
TR04878,14
TR04879,15
TR04880,14
TR04881,4
TR04882,10
TR04883,0
TR04884,13
TR04885,10
TR04886,10
TR04887,14
TR04888,0
TR04889,18
TR04890,18
TR04891,12
TR04892,9
TR04893,3
TR04894,4
TR04895,11
TR04896,9
TR04897,3
TR04898,3
TR04899,9
TR04900,4
TR04901,2
TR04902,8
TR04903,2
TR04904,2
TR04905,17
TR04906,12
TR04907,19
TR04908,13
TR04909,14
TR04910,14
TR04911,7
TR04912,4
TR04913,17
TR04914,5
TR04915,8
TR04916,8
TR04917,1
TR04918,8
TR04919,8
TR04920,5
TR04921,12
TR04922,13
TR04923,14
TR04924,0
TR04925,9
TR04926,15
TR04927,4
TR04928,0
TR04929,6
TR04930,2
TR04931,9
TR04932,5
TR04933,18
TR04934,1
TR04935,3
TR04936,6
TR04937,12
TR04938,1
TR04939,2
TR04940,1
TR04941,18
TR04942,16
TR04943,3
TR04944,4
TR04945,2
TR04946,14
TR04947,13
TR04948,15
TR04949,14
TR04950,18
TR04951,0
TR04952,0
TR04953,1
TR04954,8
TR04955,8
TR04956,6
TR04957,6
TR04958,5
TR04959,16
TR04960,1
TR04961,0
TR04962,18
TR04963,0
TR04964,0
TR04965,2
TR04966,14
TR04967,1
TR04968,18
TR04969,19
TR04970,12
TR04971,11
TR04972,10
TR04973,5
TR04974,12
TR04975,15
TR04976,6
TR04977,2
TR04978,2
TR04979,4
TR04980,18
TR04981,13
TR04982,7
TR04983,0
TR04984,4
TR04985,7
TR04986,6
TR04987,15
TR04988,7
TR04989,15
TR04990,1
TR04991,2
TR04992,0
TR04993,14
TR04994,14
TR04995,5
TR04996,7
TR04997,0
TR04998,11
TR04999,9
TR05000,18
TR05001,3
TR05002,9
TR05003,3
TR05004,7
TR05005,4
TR05006,13
TR05007,6
TR05008,6
TR05009,15
TR05010,1
TR05011,18
TR05012,12
TR05013,13
TR05014,4
TR05015,11
TR05016,12
TR05017,9
TR05018,18
TR05019,6
TR05020,13
TR05021,6
TR05022,6
TR05023,3
TR05024,5
TR05025,15
TR05026,7
TR05027,12
TR05028,4
TR05029,19
TR05030,10
TR05031,19
TR05032,2
TR05033,2
TR05034,3
TR05035,10
TR05036,5
TR05037,12
TR05038,16
TR05039,17
TR05040,18
TR05041,19
TR05042,0
TR05043,3
TR05044,17
TR05045,6
TR05046,17
TR05047,8
TR05048,11
TR05049,7
TR05050,12
TR05051,11
TR05052,6
TR05053,8
TR05054,19
TR05055,13
TR05056,7
TR05057,19
TR05058,17
TR05059,0
TR05060,11
TR05061,6
TR05062,13
TR05063,11
TR05064,5
TR05065,9
TR05066,5
TR05067,16
TR05068,10
TR05069,10
TR05070,19
TR05071,19
TR05072,16
TR05073,19
TR05074,14
TR05075,10
TR05076,2
TR05077,11
TR05078,16
TR05079,18
TR05080,11
TR05081,9
TR05082,4
TR05083,14
TR05084,19
TR05085,16
TR05086,15
TR05087,8
TR05088,9
TR05089,19
TR05090,14
TR05091,4
TR05092,17
TR05093,13
TR05094,16
TR05095,9
TR05096,13
TR05097,6
TR05098,15
TR05099,2
TR05100,18
TR05101,4
TR05102,8
TR05103,17
TR05104,18
TR05105,9
TR05106,14
TR05107,11
TR05108,12
TR05109,16
TR05110,10
TR05111,6
TR05112,0
TR05113,9
TR05114,9
TR05115,8
TR05116,2
TR05117,16
TR05118,14
TR05119,9
TR05120,8
TR05121,16
TR05122,12
TR05123,14
TR05124,11
TR05125,12
TR05126,3
TR05127,6
TR05128,6
TR05129,15
TR05130,12
TR05131,8
TR05132,3
TR05133,5
TR05134,19
TR05135,13
TR05136,3
TR05137,11
TR05138,18
TR05139,9
TR05140,18
TR05141,16
TR05142,1
TR05143,11
TR05144,9
TR05145,1
TR05146,14
TR05147,5
TR05148,3
TR05149,3
TR05150,6
TR05151,15
TR05152,7
TR05153,14
TR05154,15
TR05155,2
TR05156,8
TR05157,6
TR05158,10
TR05159,9
TR05160,8
TR05161,1
TR05162,16
TR05163,9
TR05164,0
TR05165,10
TR05166,12
TR05167,10
TR05168,9
TR05169,7
TR05170,1
TR05171,5
TR05172,5
TR05173,13
TR05174,14
TR05175,16
TR05176,7
TR05177,3
TR05178,1
TR05179,5
TR05180,1
TR05181,17
TR05182,8
TR05183,12
TR05184,11
TR05185,5
TR05186,13
TR05187,14
TR05188,7
TR05189,14
TR05190,4
TR05191,10
TR05192,8
TR05193,18
TR05194,0
TR05195,3
TR05196,4
TR05197,17
TR05198,13
TR05199,2
TR05200,10
TR05201,1
TR05202,18
TR05203,7
TR05204,19
TR05205,13
TR05206,9
TR05207,15
TR05208,18
TR05209,16
TR05210,10
TR05211,0
TR05212,16
TR05213,3
TR05214,17
TR05215,1
TR05216,16
TR05217,15
TR05218,8
TR05219,19
TR05220,3
TR05221,11
TR05222,6
TR05223,9
TR05224,18
TR05225,10
TR05226,11
TR05227,13
TR05228,10
TR05229,19
TR05230,7
TR05231,4
TR05232,16
TR05233,9
TR05234,8
TR05235,10
TR05236,9
TR05237,5
TR05238,7
TR05239,11
TR05240,11
TR05241,14
TR05242,0
TR05243,15
TR05244,7
TR05245,3
TR05246,13
TR05247,17
TR05248,17
TR05249,10
TR05250,10
TR05251,2
TR05252,18
TR05253,18
TR05254,16
TR05255,11
TR05256,10
TR05257,19
TR05258,3
TR05259,2
TR05260,7
TR05261,19
TR05262,11
TR05263,11
TR05264,4
TR05265,18
TR05266,9
TR05267,19
TR05268,13
TR05269,8
TR05270,9
TR05271,9
TR05272,12
TR05273,2
TR05274,16
TR05275,9
TR05276,12
TR05277,1
TR05278,11
TR05279,2
TR05280,19
TR05281,6
TR05282,18
TR05283,1
TR05284,7
TR05285,16
TR05286,12
TR05287,6
TR05288,13
TR05289,17
TR05290,13
TR05291,19
TR05292,1
TR05293,18
TR05294,11
TR05295,6
TR05296,15
TR05297,2
TR05298,19
TR05299,9
TR05300,8
TR05301,0
TR05302,14
TR05303,16
TR05304,18
TR05305,9
TR05306,11
TR05307,16
TR05308,13
TR05309,15
TR05310,11
TR05311,15
TR05312,10
TR05313,13
TR05314,13
TR05315,1
TR05316,2
TR05317,18
TR05318,11
TR05319,4
TR05320,5
TR05321,16
TR05322,5
TR05323,1
TR05324,16
TR05325,11
TR05326,9
TR05327,13
TR05328,3
TR05329,12
TR05330,3
TR05331,9
TR05332,4
TR05333,5
TR05334,11
TR05335,4
TR05336,19
TR05337,8
TR05338,5
TR05339,4
TR05340,4
TR05341,4
TR05342,9
TR05343,19
TR05344,10
TR05345,15
TR05346,3
TR05347,17
TR05348,17
TR05349,13
TR05350,13
TR05351,1
TR05352,17
TR05353,1
TR05354,2
TR05355,13
TR05356,13
TR05357,6
TR05358,5
TR05359,3
TR05360,18
TR05361,2
TR05362,9
TR05363,14
TR05364,5
TR05365,5
TR05366,12
TR05367,5
TR05368,11
TR05369,7
TR05370,13
TR05371,1
TR05372,6
TR05373,0
TR05374,7
TR05375,14
TR05376,1
TR05377,1
TR05378,1
TR05379,16
TR05380,1
TR05381,3
TR05382,12
TR05383,7
TR05384,14
TR05385,2
TR05386,10
TR05387,16
TR05388,17
TR05389,11
TR05390,14
TR05391,2
TR05392,16
TR05393,11
TR05394,14
TR05395,15
TR05396,19
TR05397,18
TR05398,17
TR05399,13
TR05400,4
TR05401,13
TR05402,7
TR05403,5
TR05404,4
TR05405,13
TR05406,1
TR05407,5
TR05408,6
TR05409,6
TR05410,11
TR05411,11
TR05412,9
TR05413,6
TR05414,12
TR05415,0
TR05416,3
TR05417,16
TR05418,13
TR05419,12
TR05420,7
TR05421,19
TR05422,2
TR05423,2
TR05424,6
TR05425,10
TR05426,17
TR05427,1
TR05428,18
TR05429,13
TR05430,15
TR05431,4
TR05432,16
TR05433,11
TR05434,2
TR05435,15
TR05436,12
TR05437,0
TR05438,13
TR05439,15
TR05440,5
TR05441,14
TR05442,5
TR05443,18
TR05444,9
TR05445,8
TR05446,3
TR05447,1
TR05448,1
TR05449,2
TR05450,16
TR05451,3
TR05452,17
TR05453,5
TR05454,5
TR05455,8
TR05456,19
TR05457,9
TR05458,15
TR05459,14
TR05460,7
TR05461,12
TR05462,10
TR05463,11
TR05464,1
TR05465,1
TR05466,7
TR05467,7
TR05468,2
TR05469,4
TR05470,12
TR05471,9
TR05472,10
TR05473,16
TR05474,11
TR05475,2
TR05476,1
TR05477,17
TR05478,4
TR05479,13
TR05480,1
TR05481,10
TR05482,4
TR05483,16
TR05484,7
TR05485,3
TR05486,16
TR05487,11
TR05488,16
TR05489,4
TR05490,14
TR05491,13
TR05492,0
TR05493,0
TR05494,2
TR05495,6
TR05496,17
TR05497,7
TR05498,3
TR05499,4
TR05500,3
TR05501,5
TR05502,7
TR05503,6
TR05504,9
TR05505,10
TR05506,17
TR05507,7
TR05508,5
TR05509,8
TR05510,15
TR05511,3
TR05512,19
TR05513,16
TR05514,8
TR05515,1
TR05516,17
TR05517,19
TR05518,4
TR05519,0
TR05520,16
TR05521,18
TR05522,1
TR05523,11
TR05524,11
TR05525,0
TR05526,2
TR05527,13
TR05528,8
TR05529,2
TR05530,18
TR05531,15
TR05532,15
TR05533,13
TR05534,13
TR05535,18
TR05536,1
TR05537,1
TR05538,16
TR05539,18
TR05540,7
TR05541,3
TR05542,10
TR05543,10
TR05544,11
TR05545,16
TR05546,6
TR05547,12
TR05548,6
TR05549,13
TR05550,4
TR05551,12
TR05552,18
TR05553,5
TR05554,19
TR05555,12
TR05556,18
TR05557,4
TR05558,16
TR05559,11
TR05560,14
TR05561,4
TR05562,6
TR05563,3
TR05564,10
TR05565,8
TR05566,4
TR05567,6
TR05568,13
TR05569,11
TR05570,5
TR05571,19
TR05572,15
TR05573,11
TR05574,13
TR05575,7
TR05576,4
TR05577,19
TR05578,7
TR05579,16
TR05580,15
TR05581,14
TR05582,14
TR05583,2
TR05584,9
TR05585,19
TR05586,6
TR05587,17
TR05588,18
TR05589,8
TR05590,3
TR05591,4
TR05592,10
TR05593,17
TR05594,17
TR05595,13
TR05596,16
TR05597,6
TR05598,11
TR05599,5
TR05600,2
TR05601,3
TR05602,17
TR05603,0
TR05604,9
TR05605,8
TR05606,10
TR05607,4
TR05608,16
TR05609,15
TR05610,11
TR05611,0
TR05612,18
TR05613,19
TR05614,2
TR05615,4
TR05616,2
TR05617,1
TR05618,8
TR05619,9
TR05620,9
TR05621,7
TR05622,7
TR05623,19
TR05624,16
TR05625,6
TR05626,12
TR05627,5
TR05628,19
TR05629,14
TR05630,5
TR05631,0
TR05632,5
TR05633,4
TR05634,6
TR05635,8
TR05636,0
TR05637,14
TR05638,7
TR05639,17
TR05640,12
TR05641,19
TR05642,3
TR05643,8
TR05644,1
TR05645,9
TR05646,19
TR05647,10
TR05648,7
TR05649,1
TR05650,17
TR05651,6
TR05652,1
TR05653,2
TR05654,9
TR05655,17
TR05656,7
TR05657,19
TR05658,4
TR05659,10
TR05660,18
TR05661,16
TR05662,19
TR05663,17
TR05664,6
TR05665,14
TR05666,4
TR05667,12
TR05668,0
TR05669,7
TR05670,18
TR05671,8
TR05672,3
TR05673,1
TR05674,8
TR05675,15
TR05676,10
TR05677,4
TR05678,0
TR05679,19
TR05680,10
TR05681,18
TR05682,11
TR05683,14
TR05684,4
TR05685,6
TR05686,1
TR05687,3
TR05688,15
TR05689,18
TR05690,12
TR05691,0
TR05692,12
TR05693,9
TR05694,12
TR05695,15
TR05696,17
TR05697,16
TR05698,3
TR05699,0
TR05700,15
TR05701,0
TR05702,14
TR05703,10
TR05704,13
TR05705,0
TR05706,15
TR05707,14
TR05708,14
TR05709,0
TR05710,15
TR05711,13
TR05712,10
TR05713,9
TR05714,9
TR05715,4
TR05716,12
TR05717,18
TR05718,5
TR05719,11
TR05720,13
TR05721,16
TR05722,5
TR05723,4
TR05724,6
TR05725,2
TR05726,19
TR05727,16
TR05728,18
TR05729,19
TR05730,8
TR05731,3
TR05732,17
TR05733,18
TR05734,5
TR05735,3
TR05736,1
TR05737,12
TR05738,6
TR05739,3
TR05740,10
TR05741,19
TR05742,2
TR05743,8
TR05744,7
TR05745,5
TR05746,13
TR05747,18
TR05748,9
TR05749,3
TR05750,11
TR05751,1
TR05752,9
TR05753,9
TR05754,19
TR05755,0
TR05756,8
TR05757,14
TR05758,7
TR05759,12
TR05760,10
TR05761,9
TR05762,16
TR05763,16
TR05764,2
TR05765,1
TR05766,4
TR05767,18
TR05768,19
TR05769,16
TR05770,1
TR05771,14
TR05772,12
TR05773,10
TR05774,18
TR05775,5
TR05776,0
TR05777,19
TR05778,10
TR05779,14
TR05780,1
TR05781,6
TR05782,1
TR05783,6
TR05784,0
TR05785,0
TR05786,15
TR05787,12
TR05788,5
TR05789,7
TR05790,11
TR05791,10
TR05792,1
TR05793,14
TR05794,19
TR05795,19
TR05796,9
TR05797,14
TR05798,7
TR05799,14
TR05800,6
TR05801,3
TR05802,12
TR05803,11
TR05804,2
TR05805,1
TR05806,15
TR05807,9
TR05808,12
TR05809,5
TR05810,9
TR05811,15
TR05812,0
TR05813,14
TR05814,6
TR05815,8
TR05816,16
TR05817,14
TR05818,2
TR05819,5
TR05820,15
TR05821,8
TR05822,17
TR05823,6
TR05824,12
TR05825,11
TR05826,7
TR05827,9
TR05828,12
TR05829,17
TR05830,10
TR05831,9
TR05832,12
TR05833,3
TR05834,3
TR05835,4
TR05836,2
TR05837,19
TR05838,19
TR05839,19
TR05840,11
TR05841,4
TR05842,18
TR05843,19
TR05844,6
TR05845,18
TR05846,8
TR05847,0
TR05848,18
TR05849,7
TR05850,12
TR05851,13
TR05852,7
TR05853,2
TR05854,15
TR05855,8
TR05856,9
TR05857,19
TR05858,15
TR05859,17
TR05860,13
TR05861,3
TR05862,13
TR05863,16
TR05864,10
TR05865,0
TR05866,10
TR05867,17
TR05868,15
TR05869,0
TR05870,8
TR05871,5
TR05872,3
TR05873,9
TR05874,3
TR05875,18
TR05876,19
TR05877,13
TR05878,5
TR05879,12
TR05880,1
TR05881,9
TR05882,19
TR05883,19
TR05884,16
TR05885,12
TR05886,11
TR05887,3
TR05888,6
TR05889,14
TR05890,4
TR05891,12
TR05892,14
TR05893,2
TR05894,12
TR05895,5
TR05896,5
TR05897,9
TR05898,18
TR05899,18
TR05900,17
TR05901,0
TR05902,8
TR05903,15
TR05904,8
TR05905,12
TR05906,17
TR05907,19
TR05908,0
TR05909,16
TR05910,7
TR05911,10
TR05912,9
TR05913,19
TR05914,7
TR05915,19
TR05916,18
TR05917,0
TR05918,9
TR05919,4
TR05920,9
TR05921,6
TR05922,0
TR05923,10
TR05924,7
TR05925,8
TR05926,16
TR05927,1
TR05928,10
TR05929,3
TR05930,8
TR05931,0
TR05932,5
TR05933,15
TR05934,2
TR05935,9
TR05936,11
TR05937,1
TR05938,1
TR05939,14
TR05940,15
TR05941,17
TR05942,0
TR05943,10
TR05944,19
TR05945,14
TR05946,8
TR05947,14
TR05948,7
TR05949,2
TR05950,10
TR05951,18
TR05952,10
TR05953,1
TR05954,4
TR05955,10
TR05956,1
TR05957,19
TR05958,14
TR05959,4
TR05960,13
TR05961,4
TR05962,14
TR05963,17
TR05964,4
TR05965,13
TR05966,0
TR05967,19
TR05968,14
TR05969,6
TR05970,3
TR05971,19
TR05972,1
TR05973,5
TR05974,4
TR05975,14
TR05976,7
TR05977,2
TR05978,2
TR05979,9
TR05980,4
TR05981,8
TR05982,5
TR05983,1
TR05984,9
TR05985,7
TR05986,15
TR05987,6
TR05988,7
TR05989,12
TR05990,12
TR05991,5
TR05992,1
TR05993,16
TR05994,1
TR05995,5
TR05996,18
TR05997,10
TR05998,14
TR05999,10
TR06000,11
TR06001,6
TR06002,19
TR06003,19
TR06004,7
TR06005,6
TR06006,8
TR06007,17
TR06008,11
TR06009,2
TR06010,8
TR06011,13
TR06012,14
TR06013,5
TR06014,14
TR06015,9
TR06016,4
TR06017,18
TR06018,14
TR06019,14
TR06020,6
TR06021,11
TR06022,9
TR06023,3
TR06024,11
TR06025,7
TR06026,13
TR06027,14
TR06028,4
TR06029,6
TR06030,9
TR06031,14
TR06032,5
TR06033,19
TR06034,9
TR06035,2
TR06036,2
TR06037,10
TR06038,5
TR06039,1
TR06040,1
TR06041,0
TR06042,0
TR06043,11
TR06044,7
TR06045,14
TR06046,0
TR06047,6
TR06048,8
TR06049,5
TR06050,17
TR06051,14
TR06052,13
TR06053,14
TR06054,18
TR06055,9
TR06056,2
TR06057,17
TR06058,6
TR06059,0
TR06060,18
TR06061,10
TR06062,10
TR06063,5
TR06064,0
TR06065,17
TR06066,1
TR06067,3
TR06068,7
TR06069,3
TR06070,15
TR06071,1
TR06072,4
TR06073,14
TR06074,6
TR06075,15
TR06076,4
TR06077,13
TR06078,7
TR06079,6
TR06080,4
TR06081,7
TR06082,2
TR06083,15
TR06084,16
TR06085,8
TR06086,8
TR06087,2
TR06088,12
TR06089,6
TR06090,19
TR06091,16
TR06092,14
TR06093,6
TR06094,0
TR06095,13
TR06096,6
TR06097,13
TR06098,19
TR06099,17
TR06100,9
TR06101,19
TR06102,16
TR06103,0
TR06104,2
TR06105,2
TR06106,17
TR06107,13
TR06108,4
TR06109,18
TR06110,3
TR06111,12
TR06112,14
TR06113,19
TR06114,3
TR06115,11
TR06116,3
TR06117,14
TR06118,13
TR06119,9
TR06120,16
TR06121,17
TR06122,7
TR06123,4
TR06124,8
TR06125,1
TR06126,15
TR06127,4
TR06128,18
TR06129,19
TR06130,1
TR06131,16
TR06132,4
TR06133,7
TR06134,4
TR06135,18
TR06136,12
TR06137,16
TR06138,19
TR06139,1
TR06140,2
TR06141,8
TR06142,17
TR06143,6
TR06144,16
TR06145,10
TR06146,15
TR06147,11
TR06148,11
TR06149,15
TR06150,19
TR06151,18
TR06152,19
TR06153,5
TR06154,13
TR06155,9
TR06156,10
TR06157,5
TR06158,0
TR06159,18
TR06160,1
TR06161,13
TR06162,6
TR06163,4
TR06164,13
TR06165,5
TR06166,17
TR06167,6
TR06168,17
TR06169,17
TR06170,16
TR06171,12
TR06172,16
TR06173,1
TR06174,14
TR06175,0
TR06176,12
TR06177,12
TR06178,12
TR06179,15
TR06180,19
TR06181,7
TR06182,15
TR06183,14
TR06184,1
TR06185,1
TR06186,18
TR06187,2
TR06188,1
TR06189,3
TR06190,9
TR06191,12
TR06192,7
TR06193,15
TR06194,18
TR06195,3
TR06196,1
TR06197,7
TR06198,5
TR06199,9
TR06200,19
TR06201,8
TR06202,11
TR06203,3
TR06204,4
TR06205,13
TR06206,9
TR06207,17
TR06208,15
TR06209,17
TR06210,1
TR06211,9
TR06212,8
TR06213,2
TR06214,7
TR06215,2
TR06216,3
TR06217,14
TR06218,15
TR06219,9
TR06220,18
TR06221,13
TR06222,6
TR06223,17
TR06224,4
TR06225,11
TR06226,18
TR06227,17
TR06228,12
TR06229,4
TR06230,17
TR06231,15
TR06232,18
TR06233,9
TR06234,4
TR06235,16
TR06236,14
TR06237,6
TR06238,7
TR06239,8
TR06240,5
TR06241,2
TR06242,10
TR06243,2
TR06244,2
TR06245,3
TR06246,8
TR06247,19
TR06248,15
TR06249,0
TR06250,11
TR06251,16
TR06252,9
TR06253,14
TR06254,0
TR06255,6
TR06256,13
TR06257,11
TR06258,2
TR06259,7
TR06260,19
TR06261,1
TR06262,15
TR06263,10
TR06264,0
TR06265,17
TR06266,18
TR06267,6
TR06268,0
TR06269,16
TR06270,11
TR06271,2
TR06272,5
TR06273,5
TR06274,11
TR06275,13
TR06276,11
TR06277,4
TR06278,9
TR06279,12
TR06280,2
TR06281,6
TR06282,0
TR06283,10
TR06284,16
TR06285,15
TR06286,7
TR06287,11
TR06288,1
TR06289,12
TR06290,11
TR06291,13
TR06292,4
TR06293,18
TR06294,3
TR06295,18
TR06296,17
TR06297,9
TR06298,1
TR06299,17
TR06300,8
TR06301,16
TR06302,7
TR06303,18
TR06304,4
TR06305,9
TR06306,13
TR06307,19
TR06308,11
TR06309,9
TR06310,2
TR06311,15
TR06312,10
TR06313,14
TR06314,7
TR06315,7
TR06316,15
TR06317,18
TR06318,11
TR06319,7
TR06320,17
TR06321,6
TR06322,5
TR06323,11
TR06324,6
TR06325,4
TR06326,5
TR06327,12
TR06328,3
TR06329,0
TR06330,0
TR06331,14
TR06332,13
TR06333,6
TR06334,15
TR06335,16
TR06336,1
TR06337,18
TR06338,5
TR06339,19
TR06340,12
TR06341,12
TR06342,16
TR06343,4
TR06344,18
TR06345,8
TR06346,0
TR06347,18
TR06348,11
TR06349,8
TR06350,2
TR06351,3
TR06352,16
TR06353,15
TR06354,16
TR06355,11
TR06356,15
TR06357,5
TR06358,6
TR06359,8
TR06360,1
TR06361,8
TR06362,13
TR06363,10
TR06364,4
TR06365,14
TR06366,6
TR06367,2
TR06368,9
TR06369,10
TR06370,15
TR06371,15
TR06372,15
TR06373,15
TR06374,10
TR06375,2
TR06376,10
TR06377,5
TR06378,12
TR06379,6
TR06380,4
TR06381,10
TR06382,12
TR06383,13
TR06384,2
TR06385,1
TR06386,4
TR06387,18
TR06388,13
TR06389,15
TR06390,6
TR06391,14
TR06392,8
TR06393,13
TR06394,4
TR06395,9
TR06396,5
TR06397,14
TR06398,7
TR06399,19
TR06400,5
TR06401,5
TR06402,12
TR06403,3
TR06404,11
TR06405,18
TR06406,1
TR06407,4
TR06408,15
TR06409,10
TR06410,19
TR06411,15
TR06412,13
TR06413,8
TR06414,10
TR06415,13
TR06416,14
TR06417,0
TR06418,14
TR06419,9
TR06420,7
TR06421,4
TR06422,9
TR06423,12
TR06424,2
TR06425,3
TR06426,4
TR06427,6
TR06428,1
TR06429,6
TR06430,2
TR06431,8
TR06432,12
TR06433,16
TR06434,1
TR06435,10
TR06436,2
TR06437,6
TR06438,19
TR06439,8
TR06440,1
TR06441,6
TR06442,1
TR06443,0
TR06444,15
TR06445,8
TR06446,2
TR06447,3
TR06448,6
TR06449,6
TR06450,19
TR06451,2
TR06452,15
TR06453,5
TR06454,9
TR06455,12
TR06456,15
TR06457,18
TR06458,1
TR06459,14
TR06460,4
TR06461,15
TR06462,5
TR06463,8
TR06464,15
TR06465,13
TR06466,11
TR06467,9
TR06468,10
TR06469,14
TR06470,16
TR06471,14
TR06472,18
TR06473,12
TR06474,0
TR06475,0
TR06476,5
TR06477,11
TR06478,5
TR06479,14
TR06480,13
TR06481,9
TR06482,0
TR06483,12
TR06484,11
TR06485,7
TR06486,12
TR06487,19
TR06488,3
TR06489,18
TR06490,1
TR06491,1
TR06492,14
TR06493,19
TR06494,8
TR06495,13
TR06496,16
TR06497,10
TR06498,8
TR06499,5
TR06500,8
TR06501,9
TR06502,16
TR06503,9
TR06504,10
TR06505,8
TR06506,6
TR06507,16
TR06508,5
TR06509,2
TR06510,4
TR06511,6
TR06512,5
TR06513,2
TR06514,7
TR06515,12
TR06516,16
TR06517,17
TR06518,8
TR06519,8
TR06520,17
TR06521,2
TR06522,7
TR06523,4
TR06524,8
TR06525,8
TR06526,10
TR06527,0
TR06528,10
TR06529,10
TR06530,19
TR06531,5
TR06532,11
TR06533,0
TR06534,12
TR06535,19
TR06536,7
TR06537,5
TR06538,19
TR06539,13
TR06540,2
TR06541,3
TR06542,18
TR06543,18
TR06544,10
TR06545,10
TR06546,3
TR06547,1
TR06548,11
TR06549,19
TR06550,1
TR06551,0
TR06552,13
TR06553,10
TR06554,14
TR06555,18
TR06556,18
TR06557,17
TR06558,19
TR06559,4
TR06560,5
TR06561,17
TR06562,7
TR06563,18
TR06564,4
TR06565,4
TR06566,11
TR06567,5
TR06568,17
TR06569,12
TR06570,4
TR06571,16
TR06572,18
TR06573,0
TR06574,17
TR06575,13
TR06576,14
TR06577,12
TR06578,14
TR06579,4
TR06580,16
TR06581,4
TR06582,1
TR06583,17
TR06584,5
TR06585,10
TR06586,13
TR06587,10
TR06588,14
TR06589,8
TR06590,1
TR06591,5
TR06592,15
TR06593,5
TR06594,10
TR06595,10
TR06596,17
TR06597,13
TR06598,19
TR06599,8
TR06600,0
TR06601,12
TR06602,12
TR06603,2
TR06604,5
TR06605,19
TR06606,7
TR06607,19
TR06608,5
TR06609,7
TR06610,15
TR06611,18
TR06612,14
TR06613,12
TR06614,7
TR06615,7
TR06616,11
TR06617,12
TR06618,2
TR06619,17
TR06620,4
TR06621,15
TR06622,1
TR06623,6
TR06624,4
TR06625,1
TR06626,11
TR06627,5
TR06628,13
TR06629,11
TR06630,10
TR06631,2
TR06632,16
TR06633,5
TR06634,14
TR06635,12
TR06636,9
TR06637,17
TR06638,5
TR06639,9
TR06640,18
TR06641,15
TR06642,14
TR06643,15
TR06644,17
TR06645,14
TR06646,12
TR06647,2
TR06648,19
TR06649,15
TR06650,2
TR06651,13
TR06652,19
TR06653,16
TR06654,11
TR06655,2
TR06656,3
TR06657,16
TR06658,17
TR06659,9
TR06660,16
TR06661,18
TR06662,12
TR06663,9
TR06664,6
TR06665,16
TR06666,14
TR06667,9
TR06668,17
TR06669,17
TR06670,14
TR06671,14
TR06672,15
TR06673,17
TR06674,0
TR06675,19
TR06676,10
TR06677,18
TR06678,13
TR06679,14
TR06680,13
TR06681,6
TR06682,18
TR06683,2
TR06684,14
TR06685,5
TR06686,12
TR06687,6
TR06688,6
TR06689,12
TR06690,18
TR06691,9
TR06692,14
TR06693,8
TR06694,8
TR06695,10
TR06696,1
TR06697,9
TR06698,13
TR06699,1
TR06700,5
TR06701,12
TR06702,17
TR06703,1
TR06704,15
TR06705,14
TR06706,18
TR06707,2
TR06708,4
TR06709,0
TR06710,9
TR06711,12
TR06712,17
TR06713,4
TR06714,1
TR06715,1
TR06716,17
TR06717,10
TR06718,17
TR06719,17
TR06720,7
TR06721,12
TR06722,8
TR06723,16
TR06724,2
TR06725,11
TR06726,4
TR06727,12
TR06728,19
TR06729,0
TR06730,11
TR06731,19
TR06732,13
TR06733,15
TR06734,9
TR06735,5
TR06736,10
TR06737,17
TR06738,17
TR06739,8
TR06740,8
TR06741,8
TR06742,16
TR06743,9
TR06744,16
TR06745,7
TR06746,17
TR06747,5
TR06748,18
TR06749,19
TR06750,19
TR06751,7
TR06752,9
TR06753,18
TR06754,1
TR06755,10
TR06756,1
TR06757,16
TR06758,6
TR06759,8
TR06760,7
TR06761,18
TR06762,4
TR06763,3
TR06764,0
TR06765,16
TR06766,3
TR06767,11
TR06768,13
TR06769,3
TR06770,13
TR06771,17
TR06772,13
TR06773,0
TR06774,4
TR06775,10
TR06776,17
TR06777,2
TR06778,5
TR06779,2
TR06780,8
TR06781,6
TR06782,6
TR06783,16
TR06784,14
TR06785,8
TR06786,16
TR06787,1
TR06788,4
TR06789,12
TR06790,19
TR06791,2
TR06792,0
TR06793,16
TR06794,16
TR06795,15
TR06796,3
TR06797,16
TR06798,8
TR06799,2
TR06800,15
TR06801,4
TR06802,18
TR06803,13
TR06804,4
TR06805,11
TR06806,10
TR06807,6
TR06808,12
TR06809,7
TR06810,5
TR06811,3
TR06812,6
TR06813,16
TR06814,9
TR06815,13
TR06816,11
TR06817,14
TR06818,3
TR06819,7
TR06820,4
TR06821,8
TR06822,5
TR06823,19
TR06824,6
TR06825,5
TR06826,17
TR06827,15
TR06828,7
TR06829,12
TR06830,15
TR06831,7
TR06832,17
TR06833,13
TR06834,2
TR06835,2
TR06836,2
TR06837,18
TR06838,12
TR06839,8
TR06840,11
TR06841,9
TR06842,18
TR06843,8
TR06844,7
TR06845,18
TR06846,1
TR06847,10
TR06848,14
TR06849,0
TR06850,11
TR06851,5
TR06852,2
TR06853,9
TR06854,3
TR06855,15
TR06856,19
TR06857,7
TR06858,7
TR06859,12
TR06860,4
TR06861,8
TR06862,11
TR06863,1
TR06864,3
TR06865,19
TR06866,18
TR06867,2
TR06868,8
TR06869,8
TR06870,15
TR06871,0
TR06872,2
TR06873,9
TR06874,7
TR06875,11
TR06876,3
TR06877,19
TR06878,2
TR06879,0
TR06880,9
TR06881,7
TR06882,2
TR06883,4
TR06884,14
TR06885,15
TR06886,8
TR06887,18
TR06888,2
TR06889,2
TR06890,16
TR06891,10
TR06892,2
TR06893,12
TR06894,16
TR06895,18
TR06896,5
TR06897,2
TR06898,3
TR06899,18
TR06900,17
TR06901,1
TR06902,16
TR06903,8
TR06904,19
TR06905,14
TR06906,15
TR06907,13
TR06908,12
TR06909,12
TR06910,10
TR06911,14
TR06912,14
TR06913,19
TR06914,15
TR06915,18
TR06916,2
TR06917,16
TR06918,15
TR06919,13
TR06920,15
TR06921,12
TR06922,9
TR06923,15
TR06924,10
TR06925,6
TR06926,0
TR06927,8
TR06928,9
TR06929,19
TR06930,6
TR06931,5
TR06932,7
TR06933,11
TR06934,18
TR06935,4
TR06936,17
TR06937,18
TR06938,11
TR06939,2
TR06940,10
TR06941,10
TR06942,11
TR06943,13
TR06944,3
TR06945,7
TR06946,17
TR06947,9
TR06948,5
TR06949,13
TR06950,10
TR06951,6
TR06952,6
TR06953,8
TR06954,3
TR06955,7
TR06956,17
TR06957,12
TR06958,15
TR06959,5
TR06960,0
TR06961,5
TR06962,17
TR06963,14
TR06964,17
TR06965,16
TR06966,3
TR06967,18
TR06968,5
TR06969,7
TR06970,0
TR06971,1
TR06972,15
TR06973,0
TR06974,19
TR06975,10
TR06976,9
TR06977,15
TR06978,6
TR06979,18
TR06980,12
TR06981,5
TR06982,0
TR06983,14
TR06984,1
TR06985,13
TR06986,2
TR06987,19
TR06988,3
TR06989,9
TR06990,12
TR06991,19
TR06992,15
TR06993,1
TR06994,0
TR06995,14
TR06996,17
TR06997,18
TR06998,1
TR06999,14
TR07000,13
